blocking_strategy,block_key_hash,block_size,generated_pairs,block_decision
city_building,213054f240c0cc5e,8,28,accepted
city_building,ece0a0bcbb99905d,5,10,accepted
city_building,449182857c46be11,6,15,accepted
city_building,2ed9ddede48117f5,8,28,accepted
city_building,0b3a04f6bd53de00,4,6,accepted
city_building,f69acebac1b7933e,5,10,accepted
city_building,9386baf01fcff319,11,55,accepted
city_building,5d76ef5e2e66213b,6,15,accepted
city_building,2a93fb0a305d2743,7,21,accepted
city_building,60d9f90057cf58e8,7,21,accepted
city_building,f9006f525515510f,8,28,accepted
city_building,6fa4214d75d4ba1b,9,36,accepted
city_building,e9b72d0485a4c83c,7,21,accepted
city_building,5d512d4ee009a02e,9,36,accepted
city_building,814f3d6da0109bbe,9,36,accepted
city_building,13973d57c825bd3f,8,28,accepted
city_building,962afc248f325755,8,28,accepted
city_building,2d7316d136013f5a,6,15,accepted
city_building,4cc6c354b8ac70eb,5,10,accepted
city_building,f48140300cc9f295,6,15,accepted
city_building,124279e84c37c3d9,9,36,accepted
city_building,ce0412eb2cae4c57,6,15,accepted
city_building,02c73d34f4d1b52d,9,36,accepted
city_building,cbcb8159d522f21b,7,21,accepted
city_building,835454d336150b6d,11,55,accepted
city_building,751fbc4edd4f2ca6,6,15,accepted
city_building,9a51cc984eddfdf1,9,36,accepted
city_building,551a2af9ba0921ac,6,15,accepted
city_building,8e630504e235fe46,10,45,accepted
city_building,dce164f7377fe863,13,78,accepted
city_building,ae201fd1b5348601,4,6,accepted
city_building,7ccbe4f82918d659,5,10,accepted
city_building,b13bf3a9425fe093,7,21,accepted
city_building,82d36dc84ebabd38,10,45,accepted
city_building,a465005aded56fc3,5,10,accepted
city_building,6bbe2038f05436cd,11,55,accepted
city_building,4a92149e48ff05e5,7,21,accepted
city_building,bff18efe182b233e,10,45,accepted
city_building,c279f3bb5d0dcf8b,6,15,accepted
city_building,5a88eba2f348e252,11,55,accepted
city_building,c43e22e8836d7f9b,10,45,accepted
city_building,43ff533a782866ae,4,6,accepted
city_building,ae8cb97f4c2087fe,6,15,accepted
city_building,5c348275abfb4a24,8,28,accepted
city_building,0d5454aebe89f9f0,9,36,accepted
city_building,87b23e5c4bf2e159,11,55,accepted
city_building,f97fa93e3b5fa055,13,78,accepted
city_building,aa40d888712364b0,7,21,accepted
city_building,b15251ace1aea5cd,8,28,accepted
city_building,0b387d686a41c493,4,6,accepted
city_building,edc2060e6d294799,10,45,accepted
city_building,9c100381fad303cb,5,10,accepted
city_building,9ee96c8a77e39203,10,45,accepted
city_building,3ede5fd8c90ace00,12,66,accepted
city_building,5db912cc49d817ca,6,15,accepted
city_building,50af9a1084988eed,9,36,accepted
city_building,2d7fc4e81e2960fd,12,66,accepted
city_building,55e7a6358dfcaabe,5,10,accepted
city_building,0d1f6066d3b62c7b,9,36,accepted
city_building,bcbfb5316eb34dd5,6,15,accepted
city_building,097355d91ed59259,9,36,accepted
city_building,37bc95e4bb0729cf,5,10,accepted
city_building,a2f92fe11b6fdd6c,9,36,accepted
city_building,caf06e8daf6ee288,8,28,accepted
city_building,b8027726f584916f,7,21,accepted
city_building,ab1c46ecf86c7c69,7,21,accepted
city_building,30e7e4b8f2d65197,7,21,accepted
city_building,5e7cebc20de62356,7,21,accepted
city_building,b418909d284bcde8,11,55,accepted
city_building,148f228255749c10,9,36,accepted
city_building,63dba89c7d2dc860,11,55,accepted
city_building,47dc22cd73c32864,8,28,accepted
city_building,87f2067f72a6d645,7,21,accepted
city_building,8d4c834f1a6b35e9,10,45,accepted
city_building,4e6dea89d42443a8,8,28,accepted
city_building,8d59c73450ae70b7,5,10,accepted
city_building,c465c6a4133c8133,6,15,accepted
city_building,329b2ebecdb519ae,8,28,accepted
city_building,6dde1a41bd82aefd,9,36,accepted
city_building,5c9df9b51c49f48e,9,36,accepted
city_building,b6b1236a4773148a,6,15,accepted
city_building,3a8d0f077535a8ba,9,36,accepted
city_building,cccf59ff3df3a445,9,36,accepted
city_building,7ffee2d57f68afdf,10,45,accepted
city_building,43dbd184c690b717,8,28,accepted
city_building,be8babd7bfcb5683,6,15,accepted
city_building,a6132f5303320846,8,28,accepted
city_building,1623c899b0f65e28,8,28,accepted
city_building,1281173ada973db5,7,21,accepted
city_building,b237110fc2a456d4,6,15,accepted
city_building,352babbe7d9fa0af,8,28,accepted
city_building,e86db72cc8b70d75,9,36,accepted
city_building,58da5b2fb9a45df7,9,36,accepted
city_building,eaa7d81ff8d65c64,5,10,accepted
city_building,766d610236ca65f1,14,91,accepted
city_building,ae01eb3ba93eb4d6,15,105,accepted
city_building,a2cc81f370753be1,7,21,accepted
city_building,834ec2b590b07773,8,28,accepted
city_building,ce5dc244065a9834,8,28,accepted
city_building,dd6c40f724cd7750,8,28,accepted
city_building,af08e51137d2a7af,5,10,accepted
city_building,8927ba29d6fab420,4,6,accepted
city_building,7e01e91f8cd2f1a6,8,28,accepted
city_building,6e5764cac9b4e632,12,66,accepted
city_building,eac7215e285b6f5c,9,36,accepted
city_building,0de752f0750f6b08,7,21,accepted
city_building,424a2c05ccb2055b,13,78,accepted
city_building,6db077efbfca7577,5,10,accepted
city_building,2e44f652444f2a70,13,78,accepted
city_building,3da352df1b508a9a,9,36,accepted
city_building,c6bf701556f5c9cf,7,21,accepted
city_building,da374c084e41ce2c,9,36,accepted
city_building,73ced3ba744494c7,11,55,accepted
city_building,42a584245c27643b,8,28,accepted
city_building,6208b5161e010704,15,105,accepted
city_building,52f1e91766a4435b,7,21,accepted
city_building,4d7a8c5140818f25,8,28,accepted
city_building,2ee2f213d55f4d00,6,15,accepted
city_building,f543ae4a9eca2093,9,36,accepted
city_building,d765a5c96897980c,9,36,accepted
city_building,9e6c779028eaf445,13,78,accepted
city_building,9d09defb87f9934f,5,10,accepted
city_building,da4fb2df74e2f3cd,7,21,accepted
city_building,76047b938717f72b,4,6,accepted
city_building,ed1f254e1c153375,5,10,accepted
city_building,001562cd1f9f627a,4,6,accepted
city_building,6545cff46881e976,5,10,accepted
city_building,dc6e16a8878d8d8c,6,15,accepted
city_building,52bdf11d7e4ed02d,12,66,accepted
city_building,0d2f574a9d471d26,7,21,accepted
city_building,e522a3b5726d1a79,11,55,accepted
city_building,ce24022a77efcc93,8,28,accepted
city_building,924f0e6a2a181390,7,21,accepted
city_building,559d33a1187b9002,12,66,accepted
city_building,71c0193e2d58b177,8,28,accepted
city_building,e7a90a1f700df21a,6,15,accepted
city_building,70fda542170f62d9,9,36,accepted
city_building,c04b9314335f38f9,10,45,accepted
city_building,e62660df9448b41e,8,28,accepted
city_building,e9ff15f7ccd652da,9,36,accepted
city_building,1e0c6f434737da39,10,45,accepted
city_building,94b384d57f278b84,7,21,accepted
city_building,7912d13997f899a3,8,28,accepted
city_building,bbe02ca1face8a9f,7,21,accepted
city_building,96bcd582db53b95b,11,55,accepted
city_building,036eb507488488c4,16,120,accepted
city_building,5d3112544801e32b,9,36,accepted
city_building,64f96b2706bbb08d,12,66,accepted
city_building,0536d168130d3333,9,36,accepted
city_building,4fbe886ba89580ca,10,45,accepted
city_building,4eaf595e1310515a,6,15,accepted
city_building,5d0e451871f01d2d,7,21,accepted
city_building,7caeba891281e3df,12,66,accepted
city_building,1ea3eb5f6732839a,5,10,accepted
city_building,06e6b7e0e3327475,10,45,accepted
city_building,403b658f09225824,13,78,accepted
city_building,696d8d35feecc256,12,66,accepted
city_building,098c3fcc897f7f9c,8,28,accepted
city_building,ddd78cc73b691df6,5,10,accepted
city_building,3553e8900089df7e,7,21,accepted
city_building,b898e2e125458d3d,10,45,accepted
city_building,cb104e88c7165f88,8,28,accepted
city_building,2703456630aeb3b0,7,21,accepted
city_building,f67e55c81b3b9d21,8,28,accepted
city_building,1975460992df9dd5,9,36,accepted
city_building,f871baeeb79d2650,7,21,accepted
city_building,5734cd10e89ed4b7,8,28,accepted
city_building,8198e96a7021e051,7,21,accepted
city_building,54bae12f88c3fab3,6,15,accepted
city_building,25c5603245ac163c,9,36,accepted
city_building,8025dc3ff1f1a679,10,45,accepted
city_building,e1114b0b7e2883b6,11,55,accepted
city_building,7e1d232778fbf798,7,21,accepted
city_building,b7ce66e742b3318f,4,6,accepted
city_building,9f530bf28d32e0d6,11,55,accepted
city_building,52390f0d0da7dddf,7,21,accepted
city_building,5158ef3a62e81cb7,12,66,accepted
city_building,aa4e642087e57525,4,6,accepted
city_building,9e82d29c55fd6bb8,8,28,accepted
city_building,3c6f21c53ae8a6bf,6,15,accepted
postcode,bf7d58fa7438cbd4,6,15,accepted
postcode,7f0ae3faf8fa7227,7,21,accepted
postcode,b4829227422510ff,8,28,accepted
postcode,fe8d576e647fb0ba,4,6,accepted
postcode,41b0940f2a7a6818,7,21,accepted
postcode,7be3ed5bc47f4594,9,36,accepted
postcode,1ebbd525b86c01a5,7,21,accepted
postcode,ed1818f7eef1bec1,7,21,accepted
postcode,8cba500bcf41aece,5,10,accepted
postcode,8a5ae2ee5c88bb9c,9,36,accepted
postcode,a4be39a6051aceec,13,78,accepted
postcode,3c22e7c46123c152,6,15,accepted
postcode,c3996be9e6763120,5,10,accepted
postcode,b3c748b4df7323bb,7,21,accepted
postcode,8b72912e58df5fd4,3,3,accepted
postcode,0647d58c8f28dcce,3,3,accepted
postcode,0ea5f8928aa442fc,7,21,accepted
postcode,df035a957e41a61e,9,36,accepted
postcode,561e95237c12ac60,7,21,accepted
postcode,ece4ebe3e0f2a5d1,5,10,accepted
postcode,888f5c7595d06c7a,12,66,accepted
postcode,f6ae95a354cfca08,4,6,accepted
postcode,4354488ccfc65cd9,10,45,accepted
postcode,603e043c5c3f23ea,6,15,accepted
postcode,3ef7466ba05188ec,7,21,accepted
postcode,246825458dd0fb80,9,36,accepted
postcode,59b2facf3019412c,7,21,accepted
postcode,fe328ccfdf2cd0e5,13,78,accepted
postcode,74740cbd2b363ab1,6,15,accepted
postcode,fe89c967ed18178e,8,28,accepted
postcode,a1764de208d8f691,4,6,accepted
postcode,8aefc09b0fbcf006,6,15,accepted
postcode,ccdb0109dc6aa394,8,28,accepted
postcode,38eedc9635c17615,7,21,accepted
postcode,900dee2bd3ea42d1,8,28,accepted
postcode,8b2a94b392f89080,6,15,accepted
postcode,8509c95357304ee8,6,15,accepted
postcode,6a9928e8ee72bcd2,7,21,accepted
postcode,4826a66f98cd6fc9,7,21,accepted
postcode,a7d652724bbb15f4,9,36,accepted
postcode,83e43313e98bd871,7,21,accepted
postcode,93b7d2c430fc0f1b,8,28,accepted
postcode,eb9b601a4c379767,8,28,accepted
postcode,2ba0357a41d12430,9,36,accepted
postcode,3288c2f93f8edc20,7,21,accepted
postcode,2e69adf06a83dffa,4,6,accepted
postcode,614a1276ab11473f,4,6,accepted
postcode,bd157f6b3c2c679b,5,10,accepted
postcode,3530d4b94e8a3e0b,8,28,accepted
postcode,f3d1af41c68ce4a6,7,21,accepted
postcode,9027eafdebec6b09,6,15,accepted
postcode,491a5fd88813d4ae,8,28,accepted
postcode,8fa9cce00b537f38,7,21,accepted
postcode,831df51d23c08456,8,28,accepted
postcode,642c76b4cc8a4094,6,15,accepted
postcode,804e5aa9e91444be,8,28,accepted
postcode,a61c43505fae7bf0,8,28,accepted
postcode,c0c7730e8df0567a,6,15,accepted
postcode,686aa90165848abc,4,6,accepted
postcode,e1f3942ba7d688aa,8,28,accepted
postcode,8c6ada813be38af9,4,6,accepted
postcode,0caa48938b545274,4,6,accepted
postcode,69e7b28bb07a8539,7,21,accepted
postcode,cc16e474b27bfd7e,5,10,accepted
postcode,e5732736be584362,7,21,accepted
postcode,ebfd5dbad7136389,6,15,accepted
postcode,fc851d1cac025177,5,10,accepted
postcode,f8169b9680b01896,7,21,accepted
postcode,ab66c0a91aaaa1ae,7,21,accepted
postcode,dbe37273854a1de2,3,3,accepted
postcode,a8f6a54e702e113f,9,36,accepted
postcode,6a86993e89975c52,6,15,accepted
postcode,a1d598e26e69fd92,9,36,accepted
postcode,1bc4202285f6cf04,3,3,accepted
postcode,8db0b60c9b4ad32e,10,45,accepted
postcode,e856934c26cfc2fe,8,28,accepted
postcode,025589e1ac5d178c,5,10,accepted
postcode,38c156acdc93a71b,6,15,accepted
postcode,5a2b115952ddab49,5,10,accepted
postcode,d35b71ff9d2f1564,10,45,accepted
postcode,719208a4c9e28bcf,12,66,accepted
postcode,5bc185237b06b35f,5,10,accepted
postcode,45fe32ce356d3e6c,8,28,accepted
postcode,5592324d787ca42d,4,6,accepted
postcode,503ee0211a1b8c91,8,28,accepted
postcode,dc590342685db416,4,6,accepted
postcode,230c3113cc1c0c1d,8,28,accepted
postcode,43ab2aed492ac676,4,6,accepted
postcode,183eb44c7f452d1e,8,28,accepted
postcode,0707d87f44efa782,11,55,accepted
postcode,5f33d925ddfe4c5d,4,6,accepted
postcode,0bf3d9af7204672f,9,36,accepted
postcode,28280e4449af29be,5,10,accepted
postcode,d6b0762e7fc9c36b,7,21,accepted
postcode,d5f6da5a8f266989,3,3,accepted
postcode,2dc314eeb8463b81,6,15,accepted
postcode,d8885f97d309360e,4,6,accepted
postcode,66f3525aeb56bd37,3,3,accepted
postcode,6d13f80397c6a7be,11,55,accepted
postcode,c45ab16d6bcd373d,6,15,accepted
postcode,f2bc317140ab9d8f,5,10,accepted
postcode,1c972cd07c99495e,6,15,accepted
postcode,72758e2d9ea347fa,7,21,accepted
postcode,87e96c5da3ab1923,7,21,accepted
postcode,8dea95b113adecca,5,10,accepted
postcode,e9d3b138f89d7451,6,15,accepted
postcode,6b4050f0a23b5b3b,7,21,accepted
postcode,c97a5dd329cc5075,6,15,accepted
postcode,b894066ab0d110c6,6,15,accepted
postcode,d360c7859b6fd57c,5,10,accepted
postcode,7a6a1e3fd481fa48,4,6,accepted
postcode,c3634db30e8cc8e1,7,21,accepted
postcode,0d8a297d7dead954,6,15,accepted
postcode,4b6a9019471b2a53,7,21,accepted
postcode,3b9225094107a033,6,15,accepted
postcode,55b0ef94728316b9,9,36,accepted
postcode,37b7d499cda90d8b,9,36,accepted
postcode,6bf3ccd0f0fd923d,5,10,accepted
postcode,241bd0ab1d61ad25,6,15,accepted
postcode,205308455bf67a81,11,55,accepted
postcode,9e171e56acc00a89,5,10,accepted
postcode,b616a96c28e7532f,7,21,accepted
postcode,7b9c34979101bbaa,5,10,accepted
postcode,a359ff6a87c7d585,5,10,accepted
postcode,b0940e70196bc1a4,8,28,accepted
postcode,fc8b6fe9c4f6c65e,5,10,accepted
postcode,9939e08632176e6a,5,10,accepted
postcode,14254b6c3145400d,7,21,accepted
postcode,80f62a7949cea0ec,11,55,accepted
postcode,5cbf6bb271e2e4c1,9,36,accepted
postcode,4a0c35f2de686e9c,11,55,accepted
postcode,e56adf4984af23af,9,36,accepted
postcode,41dff3599fd9198b,7,21,accepted
postcode,d4b90645e8af6e91,5,10,accepted
postcode,f2d8d0e184fb7278,6,15,accepted
postcode,3e6f19853fda5202,8,28,accepted
postcode,14435699790d3961,8,28,accepted
postcode,da105b08d5a94795,6,15,accepted
postcode,468a7f27f5098e70,6,15,accepted
postcode,bb15922458e19c42,7,21,accepted
postcode,d781028c9cd5f87f,7,21,accepted
postcode,13c60e39c19d9e47,6,15,accepted
postcode,ae9baa4e0292eedb,6,15,accepted
postcode,9f0dd54bfde44e27,9,36,accepted
postcode,784cf086eaba88e6,8,28,accepted
postcode,54073647c15ef732,9,36,accepted
postcode,935104d4531dafb4,7,21,accepted
postcode,a0e8ef0bcc067837,4,6,accepted
postcode,f77470cd30e06d64,11,55,accepted
postcode,7d0eeb5fed779fbb,9,36,accepted
postcode,4e57422f090b2cce,3,3,accepted
postcode,512e8f4109593f79,5,10,accepted
postcode,38bcb178ade1d225,6,15,accepted
postcode,187c3d16fb368a95,12,66,accepted
postcode,c0fd2baf41f9dd61,4,6,accepted
postcode,9d44c298a80fb7ea,7,21,accepted
postcode,6b24260116578ddd,4,6,accepted
postcode,6e613c6befa739ee,4,6,accepted
postcode,b03707ae3fdb8f7b,4,6,accepted
postcode,310f794146b33971,6,15,accepted
postcode,29eb7b2d357daa4a,10,45,accepted
postcode,d952cafe83f20c76,7,21,accepted
postcode,6bbb1d9e10d2eecf,8,28,accepted
postcode,22b90ecf2d6cb9c1,7,21,accepted
postcode,3d3b0ee0c2f71014,6,15,accepted
postcode,c10d2f2d6026aac9,10,45,accepted
postcode,19ff3265b0c7ef05,7,21,accepted
postcode,c2e2073ce92e0830,6,15,accepted
postcode,e616b77c383ebf8b,8,28,accepted
postcode,912fa06eed2e8599,8,28,accepted
postcode,90fa41a5cd6620ad,7,21,accepted
postcode,6ebaca4b36a56049,10,45,accepted
postcode,261faeb70247c2e7,4,6,accepted
postcode,f9fb1fb090f56513,8,28,accepted
postcode,6d734991848a3e41,7,21,accepted
postcode,8da6cb706b8b4271,9,36,accepted
postcode,f4bfe72faaef1464,14,91,accepted
postcode,5c5f41fef16c86c0,9,36,accepted
postcode,d50966932623eafc,11,55,accepted
postcode,b4203d9cf85530bc,9,36,accepted
city_street,81ffa3047efc9962,2,1,accepted
city_street,a9114b9cdfbd28ad,2,1,accepted
city_street,ab8f5a0876caa47a,2,1,accepted
city_street,3ceec0ce48409de0,2,1,accepted
city_street,ca3b273eb2cb3ca6,2,1,accepted
city_street,c99d8f1367400e51,2,1,accepted
city_street,5fbdedbd8a17356d,2,1,accepted
city_street,039c46927bcde792,2,1,accepted
city_street,9c619033c6a82b03,4,6,accepted
city_street,a957da632be6acfe,5,10,accepted
city_street,d33bbdbb7acd25df,11,55,accepted
city_street,69c2f63291c346b2,8,28,accepted
city_street,0047d4c3276c3c69,8,28,accepted
city_street,3a71ebbaf5cd3b63,6,15,accepted
city_street,4c52396dbfc633fc,7,21,accepted
city_street,4b32a7f3af9eadd5,4,6,accepted
city_street,74f02dbeb67d861d,5,10,accepted
city_street,ce1e594f13131a15,2,1,accepted
city_street,380efe073871ff38,4,6,accepted
city_street,b3eeb3c4b1453a80,7,21,accepted
city_street,0a594460014d6173,10,45,accepted
city_street,a4336b4747b1faf3,4,6,accepted
city_street,fd8b99c218eca18f,7,21,accepted
city_street,ff5f92b2054eb190,4,6,accepted
city_street,cf68f94403f9cc7d,7,21,accepted
city_street,5e2e6e334c8c7f92,5,10,accepted
city_street,12eddafb7c57e153,3,3,accepted
city_street,0f1aecf77c775182,6,15,accepted
city_street,b2b71464e6adc898,5,10,accepted
city_street,ad76bb09827fbc06,7,21,accepted
city_street,ced9448ce018d38f,6,15,accepted
city_street,978324059117ba8a,6,15,accepted
city_street,6ddd54db7847a5a9,4,6,accepted
city_street,033adcdbc3a5d5eb,7,21,accepted
city_street,2465e319336967cf,8,28,accepted
city_street,5cb90b6444ef4680,8,28,accepted
city_street,691bcca695e92a48,7,21,accepted
city_street,404e6b405638bdf2,4,6,accepted
city_street,3dbadcc463cb042e,2,1,accepted
city_street,a8a6abcf1faee61c,2,1,accepted
city_street,d33001370abed711,2,1,accepted
city_street,c0c6a920a5d217ac,4,6,accepted
city_street,3f7b1409ae2dbb50,9,36,accepted
city_street,2cbebc6c90540919,5,10,accepted
city_street,45cd2f7522260186,3,3,accepted
city_street,4cc7ee429033ced7,4,6,accepted
city_street,91f1011ff5304787,4,6,accepted
city_street,2398c2cc5070b326,10,45,accepted
city_street,d22bffd472bd4e9d,8,28,accepted
city_street,f4bc692f44e97dfc,5,10,accepted
city_street,8ec9a5435acf5a5a,6,15,accepted
city_street,fb2ca2458acb1b67,3,3,accepted
city_street,a01cf3032f7e536a,5,10,accepted
city_street,d0f21f5e3ed12615,6,15,accepted
city_street,c039aff84618fa9a,6,15,accepted
city_street,028278bdd84a5cc0,4,6,accepted
city_street,944d5ab99e00b682,5,10,accepted
city_street,29046c604ce06d16,6,15,accepted
city_street,78f0ec4ab890db61,4,6,accepted
city_street,67386194ef7e3efc,7,21,accepted
city_street,25f24e85c8fe37a7,7,21,accepted
city_street,6cea1ba1328f5508,8,28,accepted
city_street,24a014f2ae0e32ff,4,6,accepted
city_street,8c13de9447a468ca,6,15,accepted
city_street,34bfcf1ff494068f,11,55,accepted
city_street,c2246a4936052281,6,15,accepted
city_street,beef4a955398b10b,2,1,accepted
city_street,ad973bd31f4ab3c4,5,10,accepted
city_street,0237793776914457,2,1,accepted
city_street,527df8c06b6ac2a5,6,15,accepted
city_street,1fb142a88b4b07e5,5,10,accepted
city_street,9d36c7256ea36152,2,1,accepted
city_street,9e88d2d3ff846867,2,1,accepted
city_street,78a8aabede824586,2,1,accepted
city_street,9944448d0657eef6,2,1,accepted
city_street,11b0a54bc642c5b1,2,1,accepted
city_street,7a0528e5e24dea3d,2,1,accepted
city_street,91af2dce5b1c7919,5,10,accepted
city_street,04bcc4b6207f0666,7,21,accepted
city_street,231586f60cc8addb,10,45,accepted
city_street,3c6ff8a31fd82c83,8,28,accepted
city_street,5ea35a3fc2d15c9e,6,15,accepted
city_street,59819191a671c4ed,7,21,accepted
city_street,1075f25e816cf89b,6,15,accepted
city_street,8e4a506fd585e6e2,4,6,accepted
city_street,a90b481a791a7c75,6,15,accepted
city_street,562c2623ea3192d0,7,21,accepted
city_street,5f0b2f4b8a8b2de3,4,6,accepted
city_street,f10644dbe0e8c75c,7,21,accepted
city_street,f7d0a29fda0544a1,7,21,accepted
city_street,47323cd8ebd97f8b,7,21,accepted
city_street,bc17d85b4db135a9,7,21,accepted
city_street,8c467ce3dceef1f2,7,21,accepted
city_street,6d0e54bc221ecaa7,4,6,accepted
city_street,4c54745b55a029aa,7,21,accepted
city_street,a643a6b7ef323487,5,10,accepted
city_street,9f83eac9c6b58744,6,15,accepted
city_street,852ccfd4e33449c8,6,15,accepted
city_street,6bc60496634f3101,8,28,accepted
city_street,057cf5a68ec59122,6,15,accepted
city_street,e5ea08b909564338,3,3,accepted
city_street,7b6fded974aacb39,6,15,accepted
city_street,66cbc610d7d53be6,5,10,accepted
city_street,910a571f2f70cdf1,10,45,accepted
city_street,344125fdaece0606,4,6,accepted
city_street,82846e3e79d189d4,3,3,accepted
city_street,f6898d332e6f7a3f,7,21,accepted
city_street,1fe0316118359f51,2,1,accepted
city_street,5eb9003e82e9dd28,2,1,accepted
city_street,e4107e27619ba4b2,6,15,accepted
city_street,67a3deb4df3835b4,5,10,accepted
city_street,29860e21556a6539,4,6,accepted
city_street,9064cb1640b483d4,6,15,accepted
city_street,e1ab0586a13f4fc6,9,36,accepted
city_street,6ee086c044efbf48,11,55,accepted
city_street,2941c1091efdf071,8,28,accepted
city_street,a0025bcc39d02de0,5,10,accepted
city_street,bf650f6e7a9f85b2,7,21,accepted
city_street,d3032de32f932c3b,6,15,accepted
city_street,25739fd55fa9c5f4,6,15,accepted
city_street,8f53fbf08d69e060,4,6,accepted
city_street,b0084c09753d73ef,9,36,accepted
city_street,3a2c8c4b4778756b,8,28,accepted
city_street,705e9a6fa91bb6b0,9,36,accepted
city_street,7772b40a6adb919e,4,6,accepted
city_street,94c9062402db9b7f,3,3,accepted
city_street,8f57cd4ed54764b8,7,21,accepted
city_street,2cb13807d753890b,8,28,accepted
city_street,86fae05fbc61b4d6,6,15,accepted
city_street,92aa3d753653f4cc,8,28,accepted
city_street,164ed02d1c542d59,6,15,accepted
city_street,0b484214b88cec3e,9,36,accepted
city_street,0e22e8f92770dcba,8,28,accepted
city_street,a7c3de5c8ba3c949,7,21,accepted
city_street,64c25008279cfec4,9,36,accepted
city_street,136a86413ad0a40f,6,15,accepted
city_street,0c87ec86c5ff9627,6,15,accepted
city_street,e04fac26b090da7c,3,3,accepted
city_street,c497e76588ec754b,9,36,accepted
city_street,0823edea8b579352,2,1,accepted
city_street,49745fd714bd78e5,2,1,accepted
city_street,8cdf2a5e1c99b285,2,1,accepted
city_street,0c722e2c57c6fd43,2,1,accepted
city_street,68c200841e891435,3,3,accepted
city_street,30e5c5232acfc8ee,2,1,accepted
city_street,40cf2a20cef29e34,6,15,accepted
city_street,50c310397e40cb66,5,10,accepted
city_street,0590293610e4c072,6,15,accepted
city_street,869363aaaaac0cd3,7,21,accepted
city_street,79ad30bfbb7788d4,9,36,accepted
city_street,95b91dd43273c827,4,6,accepted
city_street,5802ca490edea1fb,9,36,accepted
city_street,2d50dd74fca91bc8,4,6,accepted
city_street,2fff4fa97c516c0e,12,66,accepted
city_street,8de746e51d72b5d1,7,21,accepted
city_street,ca015985cace8fdb,4,6,accepted
city_street,c59cdc94a1eee3e1,4,6,accepted
city_street,9ea2d0ca101850fb,4,6,accepted
city_street,83f3757a6cdb364f,7,21,accepted
city_street,906565e137f5d586,5,10,accepted
city_street,71e6c8966ac423c8,9,36,accepted
city_street,9c25c0743b468858,6,15,accepted
city_street,059d27887965f854,8,28,accepted
city_street,b1e85bd54e11c826,9,36,accepted
city_street,d97af93a81191fdb,8,28,accepted
city_street,7c0db029362f33b0,8,28,accepted
city_street,210fda718a3b10b6,8,28,accepted
city_street,4cafa7b6dd06bc18,5,10,accepted
city_street,09b81fb78f992fbe,9,36,accepted
city_street,66cb68c75a96fd28,6,15,accepted
city_street,33f5b02e1ee18264,7,21,accepted
city_street,549101051bff6fda,6,15,accepted
city_street,251b4c9c256cbf33,5,10,accepted
city_street,b85ad10b7367cf51,7,21,accepted
city_street,5ca6e6baca5d64bb,6,15,accepted
city_street,a2cafa2972d879b6,2,1,accepted
city_street,e600799380801a75,2,1,accepted
city_street,b3bb213a47c8fa71,2,1,accepted
city_street,d4658b8392ff7b34,2,1,accepted
city_street,f642135bf1acdd40,2,1,accepted
city_street,833924489a9455c4,5,10,accepted
city_street,a424f462c1aba7d1,5,10,accepted
city_street,ae14572da5be5324,6,15,accepted
city_street,809fad0e205adc40,7,21,accepted
city_street,076a813d807ed596,6,15,accepted
city_street,61b25e97a50609f8,7,21,accepted
city_street,b1f3c955ce3bd9e6,6,15,accepted
city_street,a47675ea000576cc,10,45,accepted
city_street,b416af483e31578a,3,3,accepted
city_street,90c59ac8396c34f3,6,15,accepted
city_street,a32cce3fcd29a266,4,6,accepted
city_street,2fc9d1688bbe7582,4,6,accepted
city_street,29493f5f65eb721b,4,6,accepted
city_street,517abac3c1fb3f61,4,6,accepted
city_street,ccf61f561906ac30,10,45,accepted
city_street,db52f9fcf0a9981c,8,28,accepted
city_street,127c8e3778406a61,6,15,accepted
city_street,38b934fb1fd6f8e7,7,21,accepted
city_street,cffb93135f105a1e,8,28,accepted
city_street,d57a7b43e116a0ae,6,15,accepted
city_street,2e89935bb7719b3b,4,6,accepted
city_street,c3b7719360d2de65,7,21,accepted
city_street,02bdca188d5ef525,12,66,accepted
city_street,2f76b80b7090e83c,7,21,accepted
city_street,6eae444fadd8162a,11,55,accepted
city_street,7909fd80694deb35,3,3,accepted
city_street,dbe481667a0d9375,8,28,accepted
city_street,f05860dd526dbc67,10,45,accepted
city_street,f9d1cdae567a7508,7,21,accepted
city_street,36837216d5bffe3e,6,15,accepted
city_street,96774d83a3b236f5,8,28,accepted
city_street,6a14260633eb07b3,2,1,accepted
city_street,c150f8c4dd08a9bd,3,3,accepted
city_street,7815d9f1dfa80d48,2,1,accepted
