threshold,max_component_size,component_precision,component_recall,component_f1,false_merges,false_splits,bcubed_precision,bcubed_recall,bcubed_f1,weighted_error_cost,deferred_edges,meets_precision_floor,selected
0.65,4,0.96,0.7032967032967034,0.8118393234672304,8,81,0.9797453703703705,0.8807870370370371,0.92763449686078,121.0,40,True,False
0.65,5,0.9631336405529954,0.7655677655677655,0.8530612244897958,8,64,0.9797453703703705,0.9004629629629629,0.9384326231433033,104.0,23,True,False
0.65,6,0.9666666666666667,0.8498168498168498,0.9044834307992202,8,41,0.9797453703703705,0.9270833333333334,0.9526871522508853,81.0,0,True,False
0.65,8,0.9666666666666667,0.8498168498168498,0.9044834307992202,8,41,0.9797453703703705,0.9270833333333334,0.9526871522508853,81.0,0,True,False
0.65,10,0.9666666666666667,0.8498168498168498,0.9044834307992202,8,41,0.9797453703703705,0.9270833333333334,0.9526871522508853,81.0,0,True,False
0.66,4,0.96,0.7032967032967034,0.8118393234672304,8,81,0.9797453703703705,0.8807870370370371,0.92763449686078,121.0,40,True,False
0.66,5,0.9631336405529954,0.7655677655677655,0.8530612244897958,8,64,0.9797453703703705,0.9004629629629629,0.9384326231433033,104.0,23,True,False
0.66,6,0.9666666666666667,0.8498168498168498,0.9044834307992202,8,41,0.9797453703703705,0.9270833333333334,0.9526871522508853,81.0,0,True,False
0.66,8,0.9666666666666667,0.8498168498168498,0.9044834307992202,8,41,0.9797453703703705,0.9270833333333334,0.9526871522508853,81.0,0,True,False
0.66,10,0.9666666666666667,0.8498168498168498,0.9044834307992202,8,41,0.9797453703703705,0.9270833333333334,0.9526871522508853,81.0,0,True,False
0.67,4,0.96,0.7032967032967034,0.8118393234672304,8,81,0.9797453703703705,0.8807870370370371,0.92763449686078,121.0,40,True,False
0.67,5,0.9631336405529954,0.7655677655677655,0.8530612244897958,8,64,0.9797453703703705,0.9004629629629629,0.9384326231433033,104.0,23,True,False
0.67,6,0.9666666666666667,0.8498168498168498,0.9044834307992202,8,41,0.9797453703703705,0.9270833333333334,0.9526871522508853,81.0,0,True,False
0.67,8,0.9666666666666667,0.8498168498168498,0.9044834307992202,8,41,0.9797453703703705,0.9270833333333334,0.9526871522508853,81.0,0,True,False
0.67,10,0.9666666666666667,0.8498168498168498,0.9044834307992202,8,41,0.9797453703703705,0.9270833333333334,0.9526871522508853,81.0,0,True,False
0.68,4,0.96,0.7032967032967034,0.8118393234672304,8,81,0.9797453703703705,0.8807870370370371,0.92763449686078,121.0,40,True,False
0.68,5,0.9631336405529954,0.7655677655677655,0.8530612244897958,8,64,0.9797453703703705,0.9004629629629629,0.9384326231433033,104.0,23,True,False
0.68,6,0.9666666666666667,0.8498168498168498,0.9044834307992202,8,41,0.9797453703703705,0.9270833333333334,0.9526871522508853,81.0,0,True,False
0.68,8,0.9666666666666667,0.8498168498168498,0.9044834307992202,8,41,0.9797453703703705,0.9270833333333334,0.9526871522508853,81.0,0,True,False
0.68,10,0.9666666666666667,0.8498168498168498,0.9044834307992202,8,41,0.9797453703703705,0.9270833333333334,0.9526871522508853,81.0,0,True,False
0.69,4,0.96,0.7032967032967034,0.8118393234672304,8,81,0.9797453703703705,0.8807870370370371,0.92763449686078,121.0,40,True,False
0.69,5,0.9631336405529954,0.7655677655677655,0.8530612244897958,8,64,0.9797453703703705,0.9004629629629629,0.9384326231433033,104.0,23,True,False
0.69,6,0.9666666666666667,0.8498168498168498,0.9044834307992202,8,41,0.9797453703703705,0.9270833333333334,0.9526871522508853,81.0,0,True,False
0.69,8,0.9666666666666667,0.8498168498168498,0.9044834307992202,8,41,0.9797453703703705,0.9270833333333334,0.9526871522508853,81.0,0,True,False
0.69,10,0.9666666666666667,0.8498168498168498,0.9044834307992202,8,41,0.9797453703703705,0.9270833333333334,0.9526871522508853,81.0,0,True,False
0.7,4,0.96,0.7032967032967034,0.8118393234672304,8,81,0.9797453703703705,0.8807870370370371,0.92763449686078,121.0,40,True,False
0.7,5,0.9631336405529954,0.7655677655677655,0.8530612244897958,8,64,0.9797453703703705,0.9004629629629629,0.9384326231433033,104.0,23,True,False
0.7,6,0.9666666666666667,0.8498168498168498,0.9044834307992202,8,41,0.9797453703703705,0.9270833333333334,0.9526871522508853,81.0,0,True,False
0.7,8,0.9666666666666667,0.8498168498168498,0.9044834307992202,8,41,0.9797453703703705,0.9270833333333334,0.9526871522508853,81.0,0,True,False
0.7,10,0.9666666666666667,0.8498168498168498,0.9044834307992202,8,41,0.9797453703703705,0.9270833333333334,0.9526871522508853,81.0,0,True,False
0.71,4,0.96,0.7032967032967034,0.8118393234672304,8,81,0.9797453703703705,0.8807870370370371,0.92763449686078,121.0,40,True,False
0.71,5,0.9631336405529954,0.7655677655677655,0.8530612244897958,8,64,0.9797453703703705,0.9004629629629629,0.9384326231433033,104.0,23,True,False
0.71,6,0.9666666666666667,0.8498168498168498,0.9044834307992202,8,41,0.9797453703703705,0.9270833333333334,0.9526871522508853,81.0,0,True,False
0.71,8,0.9666666666666667,0.8498168498168498,0.9044834307992202,8,41,0.9797453703703705,0.9270833333333334,0.9526871522508853,81.0,0,True,False
0.71,10,0.9666666666666667,0.8498168498168498,0.9044834307992202,8,41,0.9797453703703705,0.9270833333333334,0.9526871522508853,81.0,0,True,False
0.72,4,0.96,0.7032967032967034,0.8118393234672304,8,81,0.9797453703703705,0.8807870370370371,0.92763449686078,121.0,40,True,False
0.72,5,0.9631336405529954,0.7655677655677655,0.8530612244897958,8,64,0.9797453703703705,0.9004629629629629,0.9384326231433033,104.0,23,True,False
0.72,6,0.9666666666666667,0.8498168498168498,0.9044834307992202,8,41,0.9797453703703705,0.9270833333333334,0.9526871522508853,81.0,0,True,False
0.72,8,0.9666666666666667,0.8498168498168498,0.9044834307992202,8,41,0.9797453703703705,0.9270833333333334,0.9526871522508853,81.0,0,True,False
0.72,10,0.9666666666666667,0.8498168498168498,0.9044834307992202,8,41,0.9797453703703705,0.9270833333333334,0.9526871522508853,81.0,0,True,False
0.73,4,0.96,0.7032967032967034,0.8118393234672304,8,81,0.9797453703703705,0.8807870370370371,0.92763449686078,121.0,40,True,False
0.73,5,0.9631336405529954,0.7655677655677655,0.8530612244897958,8,64,0.9797453703703705,0.9004629629629629,0.9384326231433033,104.0,23,True,False
0.73,6,0.9666666666666667,0.8498168498168498,0.9044834307992202,8,41,0.9797453703703705,0.9270833333333334,0.9526871522508853,81.0,0,True,False
0.73,8,0.9666666666666667,0.8498168498168498,0.9044834307992202,8,41,0.9797453703703705,0.9270833333333334,0.9526871522508853,81.0,0,True,False
0.73,10,0.9666666666666667,0.8498168498168498,0.9044834307992202,8,41,0.9797453703703705,0.9270833333333334,0.9526871522508853,81.0,0,True,False
0.74,4,0.96,0.7032967032967034,0.8118393234672304,8,81,0.9797453703703705,0.8807870370370371,0.92763449686078,121.0,40,True,False
0.74,5,0.9631336405529954,0.7655677655677655,0.8530612244897958,8,64,0.9797453703703705,0.9004629629629629,0.9384326231433033,104.0,23,True,False
0.74,6,0.9666666666666667,0.8498168498168498,0.9044834307992202,8,41,0.9797453703703705,0.9270833333333334,0.9526871522508853,81.0,0,True,False
0.74,8,0.9666666666666667,0.8498168498168498,0.9044834307992202,8,41,0.9797453703703705,0.9270833333333334,0.9526871522508853,81.0,0,True,False
0.74,10,0.9666666666666667,0.8498168498168498,0.9044834307992202,8,41,0.9797453703703705,0.9270833333333334,0.9526871522508853,81.0,0,True,False
0.75,4,0.96,0.7032967032967034,0.8118393234672304,8,81,0.9797453703703705,0.8807870370370371,0.92763449686078,121.0,40,True,False
0.75,5,0.9631336405529954,0.7655677655677655,0.8530612244897958,8,64,0.9797453703703705,0.9004629629629629,0.9384326231433033,104.0,23,True,False
0.75,6,0.9666666666666667,0.8498168498168498,0.9044834307992202,8,41,0.9797453703703705,0.9270833333333334,0.9526871522508853,81.0,0,True,False
0.75,8,0.9666666666666667,0.8498168498168498,0.9044834307992202,8,41,0.9797453703703705,0.9270833333333334,0.9526871522508853,81.0,0,True,False
0.75,10,0.9666666666666667,0.8498168498168498,0.9044834307992202,8,41,0.9797453703703705,0.9270833333333334,0.9526871522508853,81.0,0,True,False
0.76,4,0.96,0.7032967032967034,0.8118393234672304,8,81,0.9797453703703705,0.8807870370370371,0.92763449686078,121.0,40,True,False
0.76,5,0.9631336405529954,0.7655677655677655,0.8530612244897958,8,64,0.9797453703703705,0.9004629629629629,0.9384326231433033,104.0,23,True,False
0.76,6,0.9666666666666667,0.8498168498168498,0.9044834307992202,8,41,0.9797453703703705,0.9270833333333334,0.9526871522508853,81.0,0,True,False
0.76,8,0.9666666666666667,0.8498168498168498,0.9044834307992202,8,41,0.9797453703703705,0.9270833333333334,0.9526871522508853,81.0,0,True,False
0.76,10,0.9666666666666667,0.8498168498168498,0.9044834307992202,8,41,0.9797453703703705,0.9270833333333334,0.9526871522508853,81.0,0,True,False
0.77,4,0.96,0.7032967032967034,0.8118393234672304,8,81,0.9797453703703705,0.8807870370370371,0.92763449686078,121.0,40,True,False
0.77,5,0.9631336405529954,0.7655677655677655,0.8530612244897958,8,64,0.9797453703703705,0.9004629629629629,0.9384326231433033,104.0,23,True,False
0.77,6,0.9666666666666667,0.8498168498168498,0.9044834307992202,8,41,0.9797453703703705,0.9270833333333334,0.9526871522508853,81.0,0,True,False
0.77,8,0.9666666666666667,0.8498168498168498,0.9044834307992202,8,41,0.9797453703703705,0.9270833333333334,0.9526871522508853,81.0,0,True,False
0.77,10,0.9666666666666667,0.8498168498168498,0.9044834307992202,8,41,0.9797453703703705,0.9270833333333334,0.9526871522508853,81.0,0,True,False
0.78,4,0.96,0.7032967032967034,0.8118393234672304,8,81,0.9797453703703705,0.8807870370370371,0.92763449686078,121.0,40,True,False
0.78,5,0.9631336405529954,0.7655677655677655,0.8530612244897958,8,64,0.9797453703703705,0.9004629629629629,0.9384326231433033,104.0,23,True,False
0.78,6,0.9666666666666667,0.8498168498168498,0.9044834307992202,8,41,0.9797453703703705,0.9270833333333334,0.9526871522508853,81.0,0,True,False
0.78,8,0.9666666666666667,0.8498168498168498,0.9044834307992202,8,41,0.9797453703703705,0.9270833333333334,0.9526871522508853,81.0,0,True,False
0.78,10,0.9666666666666667,0.8498168498168498,0.9044834307992202,8,41,0.9797453703703705,0.9270833333333334,0.9526871522508853,81.0,0,True,False
0.79,4,0.96,0.7032967032967034,0.8118393234672304,8,81,0.9797453703703705,0.8807870370370371,0.92763449686078,121.0,40,True,False
0.79,5,0.9631336405529954,0.7655677655677655,0.8530612244897958,8,64,0.9797453703703705,0.9004629629629629,0.9384326231433033,104.0,23,True,False
0.79,6,0.9666666666666667,0.8498168498168498,0.9044834307992202,8,41,0.9797453703703705,0.9270833333333334,0.9526871522508853,81.0,0,True,False
0.79,8,0.9666666666666667,0.8498168498168498,0.9044834307992202,8,41,0.9797453703703705,0.9270833333333334,0.9526871522508853,81.0,0,True,False
0.79,10,0.9666666666666667,0.8498168498168498,0.9044834307992202,8,41,0.9797453703703705,0.9270833333333334,0.9526871522508853,81.0,0,True,False
0.8,4,0.96,0.7032967032967034,0.8118393234672304,8,81,0.9797453703703705,0.8807870370370371,0.92763449686078,121.0,40,True,False
0.8,5,0.9631336405529954,0.7655677655677655,0.8530612244897958,8,64,0.9797453703703705,0.9004629629629629,0.9384326231433033,104.0,23,True,False
0.8,6,0.9666666666666667,0.8498168498168498,0.9044834307992202,8,41,0.9797453703703705,0.9270833333333334,0.9526871522508853,81.0,0,True,False
0.8,8,0.9666666666666667,0.8498168498168498,0.9044834307992202,8,41,0.9797453703703705,0.9270833333333334,0.9526871522508853,81.0,0,True,False
0.8,10,0.9666666666666667,0.8498168498168498,0.9044834307992202,8,41,0.9797453703703705,0.9270833333333334,0.9526871522508853,81.0,0,True,False
0.81,4,0.9639175257731959,0.684981684981685,0.8008565310492506,7,86,0.9832175925925927,0.8709490740740741,0.9236844424793084,121.0,40,True,False
0.81,5,0.9669811320754716,0.7509157509157509,0.845360824742268,7,68,0.9832175925925927,0.8917824074074076,0.935270561842707,103.0,22,True,False
0.81,6,0.9702127659574468,0.8351648351648352,0.8976377952755905,7,45,0.9832175925925927,0.9184027777777778,0.9497056113478056,80.0,0,True,False
0.81,8,0.9702127659574468,0.8351648351648352,0.8976377952755905,7,45,0.9832175925925927,0.9184027777777778,0.9497056113478056,80.0,0,True,False
0.81,10,0.9702127659574468,0.8351648351648352,0.8976377952755905,7,45,0.9832175925925927,0.9184027777777778,0.9497056113478056,80.0,0,True,False
0.82,4,0.9739583333333334,0.684981684981685,0.8043010752688172,5,86,0.9878472222222222,0.8709490740740741,0.9257223346478484,111.0,36,True,False
0.82,5,0.9757281553398058,0.7362637362637363,0.8392484342379959,5,72,0.9878472222222222,0.8871527777777778,0.9347961676954732,97.0,22,True,False
0.82,6,0.9781659388646288,0.8205128205128205,0.8924302788844621,5,49,0.9878472222222222,0.9137731481481483,0.9493674764996282,74.0,0,True,True
0.82,8,0.9781659388646288,0.8205128205128205,0.8924302788844621,5,49,0.9878472222222222,0.9137731481481483,0.9493674764996282,74.0,0,True,False
0.82,10,0.9781659388646288,0.8205128205128205,0.8924302788844621,5,49,0.9878472222222222,0.9137731481481483,0.9493674764996282,74.0,0,True,False
0.83,4,0.9738219895287958,0.6813186813186813,0.8017241379310345,5,87,0.9878472222222222,0.8674768518518519,0.9237573213419285,112.0,36,True,False
0.83,5,0.975609756097561,0.7326007326007326,0.8368200836820083,5,73,0.9878472222222222,0.8836805555555556,0.9328650020614307,98.0,22,True,False
0.83,6,0.9780701754385965,0.8168498168498168,0.8902195608782435,5,50,0.9878472222222222,0.910300925925926,0.9474900491192412,75.0,0,True,False
0.83,8,0.9780701754385965,0.8168498168498168,0.8902195608782435,5,50,0.9878472222222222,0.910300925925926,0.9474900491192412,75.0,0,True,False
0.83,10,0.9780701754385965,0.8168498168498168,0.8902195608782435,5,50,0.9878472222222222,0.910300925925926,0.9474900491192412,75.0,0,True,False
0.84,4,0.9738219895287958,0.6813186813186813,0.8017241379310345,5,87,0.9878472222222222,0.8674768518518519,0.9237573213419285,112.0,32,True,False
0.84,5,0.975609756097561,0.7326007326007326,0.8368200836820083,5,73,0.9878472222222222,0.8836805555555556,0.9328650020614307,98.0,18,True,False
0.84,6,0.9775784753363229,0.7985347985347986,0.8790322580645162,5,55,0.9878472222222222,0.9045138888888888,0.9443456931702343,80.0,0,True,False
0.84,8,0.9775784753363229,0.7985347985347986,0.8790322580645162,5,55,0.9878472222222222,0.9045138888888888,0.9443456931702343,80.0,0,True,False
0.84,10,0.9775784753363229,0.7985347985347986,0.8790322580645162,5,55,0.9878472222222222,0.9045138888888888,0.9443456931702343,80.0,0,True,False
0.85,4,0.9738219895287958,0.6813186813186813,0.8017241379310345,5,87,0.9878472222222222,0.8674768518518519,0.9237573213419285,112.0,32,True,False
0.85,5,0.975609756097561,0.7326007326007326,0.8368200836820083,5,73,0.9878472222222222,0.8836805555555556,0.9328650020614307,98.0,18,True,False
0.85,6,0.9775784753363229,0.7985347985347986,0.8790322580645162,5,55,0.9878472222222222,0.9045138888888888,0.9443456931702343,80.0,0,True,False
0.85,8,0.9775784753363229,0.7985347985347986,0.8790322580645162,5,55,0.9878472222222222,0.9045138888888888,0.9443456931702343,80.0,0,True,False
0.85,10,0.9775784753363229,0.7985347985347986,0.8790322580645162,5,55,0.9878472222222222,0.9045138888888888,0.9443456931702343,80.0,0,True,False
0.86,4,0.9736842105263158,0.6776556776556777,0.799136069114471,5,88,0.9878472222222222,0.8640046296296297,0.9217849392361112,113.0,32,True,False
0.86,5,0.9754901960784313,0.7289377289377289,0.8343815513626833,5,74,0.9878472222222222,0.8802083333333334,0.9309266573729864,99.0,18,True,False
0.86,6,0.9774774774774775,0.7948717948717948,0.8767676767676769,5,56,0.9878472222222222,0.9010416666666666,0.9424498314950981,81.0,0,True,False
0.86,8,0.9774774774774775,0.7948717948717948,0.8767676767676769,5,56,0.9878472222222222,0.9010416666666666,0.9424498314950981,81.0,0,True,False
0.86,10,0.9774774774774775,0.7948717948717948,0.8767676767676769,5,56,0.9878472222222222,0.9010416666666666,0.9424498314950981,81.0,0,True,False
0.87,4,0.9735449735449735,0.673992673992674,0.7965367965367965,5,89,0.9878472222222222,0.8605324074074074,0.9198051468030334,114.0,32,True,False
0.87,5,0.9753694581280788,0.7252747252747253,0.8319327731092437,5,75,0.9878472222222222,0.8767361111111112,0.9289810935236913,100.0,18,True,False
0.87,6,0.9773755656108597,0.7912087912087912,0.874493927125506,5,57,0.9878472222222222,0.8975694444444444,0.9405469869040312,82.0,0,True,False
0.87,8,0.9773755656108597,0.7912087912087912,0.874493927125506,5,57,0.9878472222222222,0.8975694444444444,0.9405469869040312,82.0,0,True,False
0.87,10,0.9773755656108597,0.7912087912087912,0.874493927125506,5,57,0.9878472222222222,0.8975694444444444,0.9405469869040312,82.0,0,True,False
0.88,4,0.9735449735449735,0.673992673992674,0.7965367965367965,5,89,0.9878472222222222,0.8605324074074074,0.9198051468030334,114.0,32,True,False
0.88,5,0.9753694581280788,0.7252747252747253,0.8319327731092437,5,75,0.9878472222222222,0.8767361111111112,0.9289810935236913,100.0,18,True,False
0.88,6,0.9773755656108597,0.7912087912087912,0.874493927125506,5,57,0.9878472222222222,0.8975694444444444,0.9405469869040312,82.0,0,True,False
0.88,8,0.9773755656108597,0.7912087912087912,0.874493927125506,5,57,0.9878472222222222,0.8975694444444444,0.9405469869040312,82.0,0,True,False
0.88,10,0.9773755656108597,0.7912087912087912,0.874493927125506,5,57,0.9878472222222222,0.8975694444444444,0.9405469869040312,82.0,0,True,False
0.89,4,0.9735449735449735,0.673992673992674,0.7965367965367965,5,89,0.9878472222222222,0.8605324074074074,0.9198051468030334,114.0,32,True,False
0.89,5,0.9753694581280788,0.7252747252747253,0.8319327731092437,5,75,0.9878472222222222,0.8767361111111112,0.9289810935236913,100.0,18,True,False
0.89,6,0.9773755656108597,0.7912087912087912,0.874493927125506,5,57,0.9878472222222222,0.8975694444444444,0.9405469869040312,82.0,0,True,False
0.89,8,0.9773755656108597,0.7912087912087912,0.874493927125506,5,57,0.9878472222222222,0.8975694444444444,0.9405469869040312,82.0,0,True,False
0.89,10,0.9773755656108597,0.7912087912087912,0.874493927125506,5,57,0.9878472222222222,0.8975694444444444,0.9405469869040312,82.0,0,True,False
0.9,4,0.9732620320855615,0.6666666666666666,0.7913043478260869,5,91,0.9878472222222222,0.8559027777777778,0.9171538240217618,116.0,32,True,False
0.9,5,0.9752475247524752,0.7216117216117216,0.8294736842105263,5,76,0.9878472222222222,0.8732638888888888,0.9270282701077942,101.0,17,True,False
0.9,6,0.9772727272727273,0.7875457875457875,0.8722109533468559,5,58,0.9878472222222222,0.8940972222222222,0.9386371207462074,83.0,0,True,False
0.9,8,0.9772727272727273,0.7875457875457875,0.8722109533468559,5,58,0.9878472222222222,0.8940972222222222,0.9386371207462074,83.0,0,True,False
0.9,10,0.9772727272727273,0.7875457875457875,0.8722109533468559,5,58,0.9878472222222222,0.8940972222222222,0.9386371207462074,83.0,0,True,False
0.91,4,0.972972972972973,0.6593406593406593,0.7860262008733625,5,93,0.9878472222222222,0.8489583333333334,0.9131517800882168,118.0,31,True,False
0.91,5,0.975,0.7142857142857143,0.8245243128964059,5,78,0.9878472222222222,0.8663194444444444,0.9231006814398669,103.0,16,True,False
0.91,6,0.9770642201834863,0.7802197802197802,0.8676171079429735,5,60,0.9878472222222222,0.8871527777777778,0.9347961676954732,85.0,0,True,False
0.91,8,0.9770642201834863,0.7802197802197802,0.8676171079429735,5,60,0.9878472222222222,0.8871527777777778,0.9347961676954732,85.0,0,True,False
0.91,10,0.9770642201834863,0.7802197802197802,0.8676171079429735,5,60,0.9878472222222222,0.8871527777777778,0.9347961676954732,85.0,0,True,False
0.92,4,0.9833333333333333,0.6483516483516484,0.7814569536423841,3,96,0.9947916666666666,0.8420138888888888,0.912049070573409,111.0,22,True,False
0.92,5,0.9842931937172775,0.6886446886446886,0.8103448275862069,3,85,0.9947916666666666,0.8547453703703705,0.919466390279516,100.0,11,True,False
0.92,6,0.9852941176470589,0.7362637362637363,0.8427672955974843,3,72,0.9947916666666666,0.8697916666666666,0.9281017225325884,87.0,0,True,False
0.92,8,0.9852941176470589,0.7362637362637363,0.8427672955974843,3,72,0.9947916666666666,0.8697916666666666,0.9281017225325884,87.0,0,True,False
0.92,10,0.9852941176470589,0.7362637362637363,0.8427672955974843,3,72,0.9947916666666666,0.8697916666666666,0.9281017225325884,87.0,0,True,False
0.93,4,1.0,0.6227106227106227,0.7674943566591422,0,103,1.0,0.8275462962962963,0.9056364787840405,103.0,11,True,False
0.93,5,1.0,0.652014652014652,0.7893569844789358,0,95,1.0,0.8368055555555556,0.9111531190926276,95.0,3,True,False
0.93,6,1.0,0.6813186813186813,0.8104575163398693,0,87,1.0,0.8460648148148148,0.9166144200626959,87.0,0,True,False
0.93,8,1.0,0.6813186813186813,0.8104575163398693,0,87,1.0,0.8460648148148148,0.9166144200626959,87.0,0,True,False
0.93,10,1.0,0.6813186813186813,0.8104575163398693,0,87,1.0,0.8460648148148148,0.9166144200626959,87.0,0,True,False
0.94,4,1.0,0.608058608058608,0.75626423690205,0,107,1.0,0.8206018518518517,0.901462174189447,107.0,4,True,False
0.94,5,1.0,0.6227106227106227,0.7674943566591422,0,103,1.0,0.8252314814814814,0.9042485732403297,103.0,0,True,False
0.94,6,1.0,0.6227106227106227,0.7674943566591422,0,103,1.0,0.8252314814814814,0.9042485732403297,103.0,0,True,False
0.94,8,1.0,0.6227106227106227,0.7674943566591422,0,103,1.0,0.8252314814814814,0.9042485732403297,103.0,0,True,False
0.94,10,1.0,0.6227106227106227,0.7674943566591422,0,103,1.0,0.8252314814814814,0.9042485732403297,103.0,0,True,False
0.95,4,1.0,0.2454212454212454,0.3941176470588235,0,206,1.0,0.6400462962962963,0.7805222300635144,206.0,0,True,False
0.95,5,1.0,0.2454212454212454,0.3941176470588235,0,206,1.0,0.6400462962962963,0.7805222300635144,206.0,0,True,False
0.95,6,1.0,0.2454212454212454,0.3941176470588235,0,206,1.0,0.6400462962962963,0.7805222300635144,206.0,0,True,False
0.95,8,1.0,0.2454212454212454,0.3941176470588235,0,206,1.0,0.6400462962962963,0.7805222300635144,206.0,0,True,False
0.95,10,1.0,0.2454212454212454,0.3941176470588235,0,206,1.0,0.6400462962962963,0.7805222300635144,206.0,0,True,False
