account_a,account_b,relation_score,component_a_size_before,component_b_size_before,proposed_component_size,guardrail_decision,split
ACC-000001,ACC-000002,1.0,1,1,2,accepted_merge,test
ACC-000015,ACC-000016,1.0,1,1,2,accepted_merge,test
ACC-000024,ACC-000025,1.0,1,1,2,accepted_merge,validation
ACC-000044,ACC-000045,1.0,1,1,2,accepted_merge,train
ACC-000047,ACC-000048,1.0,1,1,2,accepted_merge,train
ACC-000049,ACC-000052,1.0,1,1,2,accepted_merge,validation
ACC-000084,ACC-000085,1.0,1,1,2,accepted_merge,test
ACC-000089,ACC-000090,1.0,1,1,2,accepted_merge,test
ACC-000108,ACC-000109,1.0,1,1,2,accepted_merge,train
ACC-000111,ACC-000112,1.0,1,1,2,accepted_merge,train
ACC-000116,ACC-000117,1.0,1,1,2,accepted_merge,train
ACC-000116,ACC-000118,1.0,2,1,3,accepted_merge,train
ACC-000116,ACC-000119,1.0,3,1,4,accepted_merge,train
ACC-000117,ACC-000118,1.0,4,4,4,accepted_redundant,train
ACC-000117,ACC-000119,1.0,4,4,4,accepted_redundant,train
ACC-000118,ACC-000119,1.0,4,4,4,accepted_redundant,train
ACC-000121,ACC-000122,1.0,1,1,2,accepted_merge,train
ACC-000129,ACC-000130,1.0,1,1,2,accepted_merge,train
ACC-000145,ACC-000146,1.0,1,1,2,accepted_merge,train
ACC-000178,ACC-000179,1.0,1,1,2,accepted_merge,validation
ACC-000205,ACC-000206,1.0,1,1,2,accepted_merge,test
ACC-000215,ACC-000216,1.0,1,1,2,accepted_merge,test
ACC-000215,ACC-000217,1.0,2,1,3,accepted_merge,test
ACC-000215,ACC-000218,1.0,3,1,4,accepted_merge,test
ACC-000216,ACC-000217,1.0,4,4,4,accepted_redundant,test
ACC-000216,ACC-000218,1.0,4,4,4,accepted_redundant,test
ACC-000217,ACC-000218,1.0,4,4,4,accepted_redundant,test
ACC-000224,ACC-000226,1.0,1,1,2,accepted_merge,train
ACC-000224,ACC-000227,1.0,2,1,3,accepted_merge,train
ACC-000226,ACC-000227,1.0,3,3,3,accepted_redundant,train
ACC-000240,ACC-000241,1.0,1,1,2,accepted_merge,train
ACC-000256,ACC-000258,1.0,1,1,2,accepted_merge,train
ACC-000256,ACC-000259,1.0,2,1,3,accepted_merge,train
ACC-000258,ACC-000259,1.0,3,3,3,accepted_redundant,train
ACC-000277,ACC-000278,1.0,1,1,2,accepted_merge,validation
ACC-000277,ACC-000279,1.0,2,1,3,accepted_merge,validation
ACC-000278,ACC-000279,1.0,3,3,3,accepted_redundant,validation
ACC-000313,ACC-000314,1.0,1,1,2,accepted_merge,validation
ACC-000317,ACC-000318,1.0,1,1,2,accepted_merge,validation
ACC-000321,ACC-000322,1.0,1,1,2,accepted_merge,validation
ACC-000326,ACC-000327,1.0,1,1,2,accepted_merge,test
ACC-000329,ACC-000330,1.0,1,1,2,accepted_merge,test
ACC-000339,ACC-000340,1.0,1,1,2,accepted_merge,train
ACC-000349,ACC-000351,1.0,1,1,2,accepted_merge,train
ACC-000357,ACC-000358,1.0,1,1,2,accepted_merge,train
ACC-000387,ACC-000388,1.0,1,1,2,accepted_merge,train
ACC-000387,ACC-000389,1.0,2,1,3,accepted_merge,train
ACC-000388,ACC-000389,1.0,3,3,3,accepted_redundant,train
ACC-000407,ACC-000408,1.0,1,1,2,accepted_merge,validation
ACC-000407,ACC-000409,1.0,2,1,3,accepted_merge,validation
ACC-000408,ACC-000409,1.0,3,3,3,accepted_redundant,validation
ACC-000415,ACC-000416,1.0,1,1,2,accepted_merge,validation
ACC-000415,ACC-000417,1.0,2,1,3,accepted_merge,validation
ACC-000416,ACC-000417,1.0,3,3,3,accepted_redundant,validation
ACC-000434,ACC-000435,1.0,1,1,2,accepted_merge,train
ACC-000438,ACC-000439,1.0,1,1,2,accepted_merge,train
ACC-000449,ACC-000450,1.0,1,1,2,accepted_merge,train
ACC-000449,ACC-000451,1.0,2,1,3,accepted_merge,train
ACC-000450,ACC-000451,1.0,3,3,3,accepted_redundant,train
ACC-000455,ACC-000457,1.0,1,1,2,accepted_merge,train
ACC-000462,ACC-000464,1.0,1,1,2,accepted_merge,validation
ACC-000473,ACC-000474,1.0,1,1,2,accepted_merge,train
ACC-000473,ACC-000475,1.0,2,1,3,accepted_merge,train
ACC-000474,ACC-000475,1.0,3,3,3,accepted_redundant,train
ACC-000487,ACC-000488,1.0,1,1,2,accepted_merge,train
ACC-000489,ACC-000490,1.0,1,1,2,accepted_merge,train
ACC-000492,ACC-000493,1.0,1,1,2,accepted_merge,train
ACC-000492,ACC-000494,1.0,2,1,3,accepted_merge,train
ACC-000493,ACC-000494,1.0,3,3,3,accepted_redundant,train
ACC-000495,ACC-000496,1.0,1,1,2,accepted_merge,train
ACC-000495,ACC-000498,1.0,2,1,3,accepted_merge,train
ACC-000496,ACC-000498,1.0,3,3,3,accepted_redundant,train
ACC-000512,ACC-000513,1.0,1,1,2,accepted_merge,train
ACC-000519,ACC-000520,1.0,1,1,2,accepted_merge,test
ACC-000523,ACC-000524,1.0,1,1,2,accepted_merge,test
ACC-000538,ACC-000539,1.0,1,1,2,accepted_merge,train
ACC-000545,ACC-000546,1.0,1,1,2,accepted_merge,validation
ACC-000545,ACC-000548,1.0,2,1,3,accepted_merge,validation
ACC-000546,ACC-000548,1.0,3,3,3,accepted_redundant,validation
ACC-000557,ACC-000558,1.0,1,1,2,accepted_merge,test
ACC-000572,ACC-000573,1.0,1,1,2,accepted_merge,train
ACC-000582,ACC-000584,1.0,1,1,2,accepted_merge,train
ACC-000585,ACC-000586,1.0,1,1,2,accepted_merge,train
ACC-000585,ACC-000587,1.0,2,1,3,accepted_merge,train
ACC-000586,ACC-000587,1.0,3,3,3,accepted_redundant,train
ACC-000596,ACC-000598,1.0,1,1,2,accepted_merge,train
ACC-000605,ACC-000606,1.0,1,1,2,accepted_merge,train
ACC-000605,ACC-000607,1.0,2,1,3,accepted_merge,train
ACC-000606,ACC-000607,1.0,3,3,3,accepted_redundant,train
ACC-000611,ACC-000613,1.0,1,1,2,accepted_merge,train
ACC-000611,ACC-000614,1.0,2,1,3,accepted_merge,train
ACC-000613,ACC-000614,1.0,3,3,3,accepted_redundant,train
ACC-000617,ACC-000618,1.0,1,1,2,accepted_merge,train
ACC-000617,ACC-000619,1.0,2,1,3,accepted_merge,train
ACC-000618,ACC-000619,1.0,3,3,3,accepted_redundant,train
ACC-000636,ACC-000637,1.0,1,1,2,accepted_merge,train
ACC-000641,ACC-000642,1.0,1,1,2,accepted_merge,train
ACC-000641,ACC-000643,1.0,2,1,3,accepted_merge,train
ACC-000642,ACC-000643,1.0,3,3,3,accepted_redundant,train
ACC-000645,ACC-000646,1.0,1,1,2,accepted_merge,train
ACC-000661,ACC-000662,1.0,1,1,2,accepted_merge,validation
ACC-000669,ACC-000670,1.0,1,1,2,accepted_merge,validation
ACC-000701,ACC-000702,1.0,1,1,2,accepted_merge,train
ACC-000701,ACC-000703,1.0,2,1,3,accepted_merge,train
ACC-000702,ACC-000703,1.0,3,3,3,accepted_redundant,train
ACC-000706,ACC-000707,1.0,1,1,2,accepted_merge,test
ACC-000706,ACC-000709,1.0,2,1,3,accepted_merge,test
ACC-000707,ACC-000709,1.0,3,3,3,accepted_redundant,test
ACC-000716,ACC-000718,1.0,1,1,2,accepted_merge,test
ACC-000734,ACC-000735,1.0,1,1,2,accepted_merge,test
ACC-000734,ACC-000736,1.0,2,1,3,accepted_merge,test
ACC-000735,ACC-000736,1.0,3,3,3,accepted_redundant,test
ACC-000738,ACC-000739,1.0,1,1,2,accepted_merge,test
ACC-000738,ACC-000740,1.0,2,1,3,accepted_merge,test
ACC-000738,ACC-000741,1.0,3,1,4,accepted_merge,test
ACC-000739,ACC-000740,1.0,4,4,4,accepted_redundant,test
ACC-000739,ACC-000741,1.0,4,4,4,accepted_redundant,test
ACC-000740,ACC-000741,1.0,4,4,4,accepted_redundant,test
ACC-000742,ACC-000743,1.0,1,1,2,accepted_merge,test
ACC-000762,ACC-000763,1.0,1,1,2,accepted_merge,test
ACC-000783,ACC-000784,1.0,1,1,2,accepted_merge,test
ACC-000825,ACC-000827,1.0,1,1,2,accepted_merge,train
ACC-000854,ACC-000855,1.0,1,1,2,accepted_merge,train
ACC-000854,ACC-000856,1.0,2,1,3,accepted_merge,train
ACC-000855,ACC-000856,1.0,3,3,3,accepted_redundant,train
ACC-000872,ACC-000873,1.0,1,1,2,accepted_merge,train
ACC-000872,ACC-000874,1.0,2,1,3,accepted_merge,train
ACC-000873,ACC-000874,1.0,3,3,3,accepted_redundant,train
ACC-000883,ACC-000884,1.0,1,1,2,accepted_merge,train
ACC-000886,ACC-000887,1.0,1,1,2,accepted_merge,train
ACC-000903,ACC-000904,1.0,1,1,2,accepted_merge,train
ACC-000915,ACC-000916,1.0,1,1,2,accepted_merge,train
ACC-000922,ACC-000923,1.0,1,1,2,accepted_merge,train
ACC-000922,ACC-000924,1.0,2,1,3,accepted_merge,train
ACC-000923,ACC-000924,1.0,3,3,3,accepted_redundant,train
ACC-000928,ACC-000929,1.0,1,1,2,accepted_merge,test
ACC-000928,ACC-000930,1.0,2,1,3,accepted_merge,test
ACC-000929,ACC-000930,1.0,3,3,3,accepted_redundant,test
ACC-000935,ACC-000936,1.0,1,1,2,accepted_merge,test
ACC-000935,ACC-000937,1.0,2,1,3,accepted_merge,test
ACC-000936,ACC-000937,1.0,3,3,3,accepted_redundant,test
ACC-000942,ACC-000944,1.0,1,1,2,accepted_merge,test
ACC-000942,ACC-000945,1.0,2,1,3,accepted_merge,test
ACC-000944,ACC-000945,1.0,3,3,3,accepted_redundant,test
ACC-000946,ACC-000947,1.0,1,1,2,accepted_merge,test
ACC-000953,ACC-000954,1.0,1,1,2,accepted_merge,train
ACC-000956,ACC-000957,1.0,1,1,2,accepted_merge,train
ACC-000963,ACC-000964,1.0,1,1,2,accepted_merge,test
ACC-000969,ACC-000970,1.0,1,1,2,accepted_merge,validation
ACC-000969,ACC-000971,1.0,2,1,3,accepted_merge,validation
ACC-000970,ACC-000971,1.0,3,3,3,accepted_redundant,validation
ACC-000981,ACC-000982,1.0,1,1,2,accepted_merge,train
ACC-000994,ACC-000995,1.0,1,1,2,accepted_merge,validation
ACC-000994,ACC-000996,1.0,2,1,3,accepted_merge,validation
ACC-000995,ACC-000996,1.0,3,3,3,accepted_redundant,validation
ACC-001001,ACC-001003,1.0,1,1,2,accepted_merge,validation
ACC-001006,ACC-001007,1.0,1,1,2,accepted_merge,train
ACC-001013,ACC-001014,1.0,1,1,2,accepted_merge,train
ACC-001013,ACC-001015,1.0,2,1,3,accepted_merge,train
ACC-001013,ACC-001016,1.0,3,1,4,accepted_merge,train
ACC-001014,ACC-001015,1.0,4,4,4,accepted_redundant,train
ACC-001014,ACC-001016,1.0,4,4,4,accepted_redundant,train
ACC-001015,ACC-001016,1.0,4,4,4,accepted_redundant,train
ACC-001031,ACC-001032,1.0,1,1,2,accepted_merge,train
ACC-001031,ACC-001033,1.0,2,1,3,accepted_merge,train
ACC-001032,ACC-001033,1.0,3,3,3,accepted_redundant,train
ACC-001034,ACC-001036,1.0,1,1,2,accepted_merge,test
ACC-001034,ACC-001037,1.0,2,1,3,accepted_merge,test
ACC-001036,ACC-001037,1.0,3,3,3,accepted_redundant,test
ACC-001050,ACC-001051,1.0,1,1,2,accepted_merge,train
ACC-001052,ACC-001054,1.0,1,1,2,accepted_merge,train
ACC-001068,ACC-001069,1.0,1,1,2,accepted_merge,train
ACC-001068,ACC-001071,1.0,2,1,3,accepted_merge,train
ACC-001069,ACC-001071,1.0,3,3,3,accepted_redundant,train
ACC-001074,ACC-001075,1.0,1,1,2,accepted_merge,validation
ACC-001109,ACC-001110,1.0,1,1,2,accepted_merge,train
ACC-001138,ACC-001139,1.0,1,1,2,accepted_merge,train
ACC-001138,ACC-001140,1.0,2,1,3,accepted_merge,train
ACC-001138,ACC-001141,1.0,3,1,4,accepted_merge,train
ACC-001139,ACC-001140,1.0,4,4,4,accepted_redundant,train
ACC-001139,ACC-001141,1.0,4,4,4,accepted_redundant,train
ACC-001140,ACC-001141,1.0,4,4,4,accepted_redundant,train
ACC-001146,ACC-001148,1.0,1,1,2,accepted_merge,train
ACC-001154,ACC-001155,1.0,1,1,2,accepted_merge,train
ACC-001156,ACC-001157,1.0,1,1,2,accepted_merge,train
ACC-001161,ACC-001162,1.0,1,1,2,accepted_merge,train
ACC-001161,ACC-001163,1.0,2,1,3,accepted_merge,train
ACC-001162,ACC-001163,1.0,3,3,3,accepted_redundant,train
ACC-001165,ACC-001166,1.0,1,1,2,accepted_merge,train
ACC-001183,ACC-001184,1.0,1,1,2,accepted_merge,train
ACC-001183,ACC-001185,1.0,2,1,3,accepted_merge,train
ACC-001184,ACC-001185,1.0,3,3,3,accepted_redundant,train
ACC-001204,ACC-001205,1.0,1,1,2,accepted_merge,test
ACC-001206,ACC-001207,1.0,1,1,2,accepted_merge,test
ACC-001206,ACC-001208,1.0,2,1,3,accepted_merge,test
ACC-001207,ACC-001208,1.0,3,3,3,accepted_redundant,test
ACC-001222,ACC-001224,1.0,1,1,2,accepted_merge,train
ACC-001222,ACC-001225,1.0,2,1,3,accepted_merge,train
ACC-001224,ACC-001225,1.0,3,3,3,accepted_redundant,train
ACC-001229,ACC-001230,1.0,1,1,2,accepted_merge,train
ACC-001232,ACC-001233,1.0,1,1,2,accepted_merge,train
ACC-001232,ACC-001234,1.0,2,1,3,accepted_merge,train
ACC-001233,ACC-001234,1.0,3,3,3,accepted_redundant,train
ACC-001235,ACC-001236,1.0,1,1,2,accepted_merge,train
ACC-001235,ACC-001238,1.0,2,1,3,accepted_merge,train
ACC-001236,ACC-001238,1.0,3,3,3,accepted_redundant,train
ACC-001240,ACC-001241,1.0,1,1,2,accepted_merge,train
ACC-001251,ACC-001252,1.0,1,1,2,accepted_merge,test
ACC-001251,ACC-001253,1.0,2,1,3,accepted_merge,test
ACC-001251,ACC-001254,1.0,3,1,4,accepted_merge,test
ACC-001252,ACC-001253,1.0,4,4,4,accepted_redundant,test
ACC-001252,ACC-001254,1.0,4,4,4,accepted_redundant,test
ACC-001253,ACC-001254,1.0,4,4,4,accepted_redundant,test
ACC-001255,ACC-001257,1.0,1,1,2,accepted_merge,test
ACC-001255,ACC-001258,1.0,2,1,3,accepted_merge,test
ACC-001257,ACC-001258,1.0,3,3,3,accepted_redundant,test
ACC-001259,ACC-001260,1.0,1,1,2,accepted_merge,train
ACC-001287,ACC-001288,1.0,1,1,2,accepted_merge,test
ACC-001294,ACC-001296,1.0,1,1,2,accepted_merge,test
ACC-001294,ACC-001297,1.0,2,1,3,accepted_merge,test
ACC-001296,ACC-001297,1.0,3,3,3,accepted_redundant,test
ACC-001303,ACC-001304,1.0,1,1,2,accepted_merge,train
ACC-001307,ACC-001308,1.0,1,1,2,accepted_merge,validation
ACC-001319,ACC-001320,1.0,1,1,2,accepted_merge,train
ACC-001324,ACC-001325,1.0,1,1,2,accepted_merge,train
ACC-001326,ACC-001327,1.0,1,1,2,accepted_merge,train
ACC-001328,ACC-001329,1.0,1,1,2,accepted_merge,train
ACC-001341,ACC-001342,1.0,1,1,2,accepted_merge,train
ACC-001341,ACC-001343,1.0,2,1,3,accepted_merge,train
ACC-001341,ACC-001344,1.0,3,1,4,accepted_merge,train
ACC-001342,ACC-001343,1.0,4,4,4,accepted_redundant,train
ACC-001342,ACC-001344,1.0,4,4,4,accepted_redundant,train
ACC-001343,ACC-001344,1.0,4,4,4,accepted_redundant,train
ACC-001352,ACC-001353,1.0,1,1,2,accepted_merge,train
ACC-001352,ACC-001355,1.0,2,1,3,accepted_merge,train
ACC-001353,ACC-001355,1.0,3,3,3,accepted_redundant,train
ACC-001356,ACC-001357,1.0,1,1,2,accepted_merge,train
ACC-001362,ACC-001363,1.0,1,1,2,accepted_merge,train
ACC-001399,ACC-001400,1.0,1,1,2,accepted_merge,validation
ACC-001399,ACC-001401,1.0,2,1,3,accepted_merge,validation
ACC-001400,ACC-001401,1.0,3,3,3,accepted_redundant,validation
ACC-001409,ACC-001410,1.0,1,1,2,accepted_merge,train
ACC-001427,ACC-001428,1.0,1,1,2,accepted_merge,test
ACC-001431,ACC-001432,1.0,1,1,2,accepted_merge,test
ACC-001431,ACC-001433,1.0,2,1,3,accepted_merge,test
ACC-001431,ACC-001434,1.0,3,1,4,accepted_merge,test
ACC-001432,ACC-001433,1.0,4,4,4,accepted_redundant,test
ACC-001432,ACC-001434,1.0,4,4,4,accepted_redundant,test
ACC-001433,ACC-001434,1.0,4,4,4,accepted_redundant,test
ACC-001439,ACC-001440,1.0,1,1,2,accepted_merge,validation
ACC-001439,ACC-001441,1.0,2,1,3,accepted_merge,validation
ACC-001439,ACC-001442,1.0,3,1,4,accepted_merge,validation
ACC-001440,ACC-001441,1.0,4,4,4,accepted_redundant,validation
ACC-001440,ACC-001442,1.0,4,4,4,accepted_redundant,validation
ACC-001441,ACC-001442,1.0,4,4,4,accepted_redundant,validation
ACC-001444,ACC-001445,1.0,1,1,2,accepted_merge,validation
ACC-001448,ACC-001449,1.0,1,1,2,accepted_merge,validation
ACC-001448,ACC-001450,1.0,2,1,3,accepted_merge,validation
ACC-001449,ACC-001450,1.0,3,3,3,accepted_redundant,validation
ACC-001453,ACC-001455,1.0,1,1,2,accepted_merge,validation
ACC-001456,ACC-001457,1.0,1,1,2,accepted_merge,validation
ACC-001456,ACC-001459,1.0,2,1,3,accepted_merge,validation
ACC-001457,ACC-001459,1.0,3,3,3,accepted_redundant,validation
ACC-000616,ACC-000617,0.9903225806451613,1,3,4,accepted_merge,train
ACC-000616,ACC-000618,0.9903225806451613,4,4,4,accepted_redundant,train
ACC-000616,ACC-000619,0.9903225806451613,4,4,4,accepted_redundant,train
ACC-000596,ACC-000597,0.9896551724137931,2,1,3,accepted_merge,train
ACC-000597,ACC-000598,0.9896551724137931,3,3,3,accepted_redundant,train
ACC-000661,ACC-000663,0.9896551724137931,2,1,3,accepted_merge,validation
ACC-000662,ACC-000663,0.9896551724137931,3,3,3,accepted_redundant,validation
ACC-000888,ACC-000890,0.9896551724137931,1,1,2,accepted_merge,train
ACC-000927,ACC-000928,0.9896551724137931,1,3,4,accepted_merge,test
ACC-000927,ACC-000929,0.9896551724137931,4,4,4,accepted_redundant,test
ACC-000927,ACC-000930,0.9896551724137931,4,4,4,accepted_redundant,test
ACC-001216,ACC-001217,0.9896551724137931,1,1,2,accepted_merge,validation
ACC-001316,ACC-001318,0.9896551724137931,1,1,2,accepted_merge,train
ACC-000462,ACC-000463,0.9894810659186535,2,1,3,accepted_merge,validation
ACC-000463,ACC-000464,0.9894810659186535,3,3,3,accepted_redundant,validation
ACC-000611,ACC-000612,0.9894810659186535,3,1,4,accepted_merge,train
ACC-000612,ACC-000613,0.9894810659186535,4,4,4,accepted_redundant,train
ACC-000612,ACC-000614,0.9894810659186535,4,4,4,accepted_redundant,train
ACC-000981,ACC-000983,0.9894810659186535,2,1,3,accepted_merge,train
ACC-000982,ACC-000983,0.9894810659186535,3,3,3,accepted_redundant,train
ACC-000991,ACC-000992,0.9894810659186535,1,1,2,accepted_merge,train
ACC-001087,ACC-001088,0.9894810659186535,1,1,2,accepted_merge,train
ACC-001183,ACC-001186,0.9894810659186535,3,1,4,accepted_merge,train
ACC-001184,ACC-001186,0.9894810659186535,4,4,4,accepted_redundant,train
ACC-001185,ACC-001186,0.9894810659186535,4,4,4,accepted_redundant,train
ACC-000044,ACC-000046,0.9888888888888888,2,1,3,accepted_merge,train
ACC-000045,ACC-000046,0.9888888888888888,3,3,3,accepted_redundant,train
ACC-000243,ACC-000244,0.9888888888888888,1,1,2,accepted_merge,train
ACC-000357,ACC-000359,0.9888888888888888,2,1,3,accepted_merge,train
ACC-000358,ACC-000359,0.9888888888888888,3,3,3,accepted_redundant,train
ACC-001055,ACC-001056,0.9888888888888888,1,1,2,accepted_merge,train
ACC-001334,ACC-001335,0.9888888888888888,1,1,2,accepted_merge,train
ACC-000203,ACC-000204,0.9887556221889054,1,1,2,accepted_merge,train
ACC-000261,ACC-000262,0.9887556221889054,1,1,2,accepted_merge,test
ACC-000449,ACC-000452,0.9887556221889054,3,1,4,accepted_merge,train
ACC-000450,ACC-000452,0.9887556221889054,4,4,4,accepted_redundant,train
ACC-000451,ACC-000452,0.9887556221889054,4,4,4,accepted_redundant,train
ACC-000495,ACC-000497,0.9887556221889054,3,1,4,accepted_merge,train
ACC-000496,ACC-000497,0.9887556221889054,4,4,4,accepted_redundant,train
ACC-000497,ACC-000498,0.9887556221889054,4,4,4,accepted_redundant,train
ACC-000595,ACC-000596,0.9887556221889054,1,3,4,accepted_merge,train
ACC-000595,ACC-000598,0.9887556221889054,4,4,4,accepted_redundant,train
ACC-000608,ACC-000609,0.9887556221889054,1,1,2,accepted_merge,train
ACC-000888,ACC-000889,0.9887556221889054,2,1,3,accepted_merge,train
ACC-001074,ACC-001076,0.9887556221889054,2,1,3,accepted_merge,validation
ACC-001075,ACC-001076,0.9887556221889054,3,3,3,accepted_redundant,validation
ACC-001415,ACC-001416,0.9887556221889054,1,1,2,accepted_merge,test
ACC-000164,ACC-000165,0.9880000000000001,1,1,2,accepted_merge,train
ACC-001407,ACC-001408,0.9880000000000001,1,1,2,accepted_merge,train
ACC-000003,ACC-000004,0.9879227053140095,1,1,2,accepted_merge,test
ACC-000006,ACC-000009,0.9879227053140095,1,1,2,accepted_merge,test
ACC-000043,ACC-000044,0.9879227053140095,1,3,4,accepted_merge,train
ACC-000043,ACC-000045,0.9879227053140095,4,4,4,accepted_redundant,train
ACC-000253,ACC-000255,0.9879227053140095,1,1,2,accepted_merge,train
ACC-000256,ACC-000257,0.9879227053140095,3,1,4,accepted_merge,train
ACC-000257,ACC-000258,0.9879227053140095,4,4,4,accepted_redundant,train
ACC-000257,ACC-000259,0.9879227053140095,4,4,4,accepted_redundant,train
ACC-001059,ACC-001060,0.9879227053140095,1,1,2,accepted_merge,train
ACC-001447,ACC-001448,0.9879227053140095,1,3,4,accepted_merge,validation
ACC-001447,ACC-001449,0.9879227053140095,4,4,4,accepted_redundant,validation
ACC-001447,ACC-001450,0.9879227053140095,4,4,4,accepted_redundant,validation
ACC-001453,ACC-001454,0.9879227053140095,2,1,3,accepted_merge,validation
ACC-001454,ACC-001455,0.9879227053140095,3,3,3,accepted_redundant,validation
ACC-000019,ACC-000021,0.9869565217391304,1,1,2,accepted_merge,validation
ACC-000076,ACC-000078,0.9869565217391304,1,1,2,accepted_merge,train
ACC-000229,ACC-000231,0.9869565217391304,1,1,2,accepted_merge,train
ACC-000328,ACC-000329,0.9869565217391304,1,2,3,accepted_merge,test
ACC-000328,ACC-000330,0.9869565217391304,3,3,3,accepted_redundant,test
ACC-000382,ACC-000383,0.9869565217391304,1,1,2,accepted_merge,train
ACC-000640,ACC-000641,0.9869565217391304,1,3,4,accepted_merge,train
ACC-000640,ACC-000642,0.9869565217391304,4,4,4,accepted_redundant,train
ACC-000640,ACC-000643,0.9869565217391304,4,4,4,accepted_redundant,train
ACC-000791,ACC-000792,0.9869565217391304,1,1,2,accepted_merge,train
ACC-000795,ACC-000796,0.9869565217391304,1,1,2,accepted_merge,train
ACC-000994,ACC-000997,0.9869565217391304,3,1,4,accepted_merge,validation
ACC-000995,ACC-000997,0.9869565217391304,4,4,4,accepted_redundant,validation
ACC-000996,ACC-000997,0.9869565217391304,4,4,4,accepted_redundant,validation
ACC-001001,ACC-001002,0.9869565217391304,2,1,3,accepted_merge,validation
ACC-001002,ACC-001003,0.9869565217391304,3,3,3,accepted_redundant,validation
ACC-001047,ACC-001049,0.9869565217391304,1,1,2,accepted_merge,train
ACC-001095,ACC-001096,0.9869565217391304,1,1,2,accepted_merge,validation
ACC-001142,ACC-001143,0.9869565217391304,1,1,2,accepted_merge,train
ACC-001144,ACC-001145,0.9869565217391304,1,1,2,accepted_merge,train
ACC-001350,ACC-001351,0.9869565217391304,1,1,2,accepted_merge,train
ACC-000331,ACC-000332,0.9858223062381851,1,1,2,accepted_merge,test
ACC-000019,ACC-000020,0.9800000000000001,2,1,3,accepted_merge,validation
ACC-000034,ACC-000035,0.9800000000000001,1,1,2,accepted_merge,train
ACC-000034,ACC-000036,0.9800000000000001,2,1,3,accepted_merge,train
ACC-000034,ACC-000037,0.9800000000000001,3,1,4,accepted_merge,train
ACC-000034,ACC-000038,0.9800000000000001,4,1,5,accepted_merge,train
ACC-000035,ACC-000036,0.9800000000000001,5,5,5,accepted_redundant,train
ACC-000035,ACC-000037,0.9800000000000001,5,5,5,accepted_redundant,train
ACC-000035,ACC-000038,0.9800000000000001,5,5,5,accepted_redundant,train
ACC-000036,ACC-000037,0.9800000000000001,5,5,5,accepted_redundant,train
ACC-000036,ACC-000038,0.9800000000000001,5,5,5,accepted_redundant,train
ACC-000037,ACC-000038,0.9800000000000001,5,5,5,accepted_redundant,train
ACC-000040,ACC-000041,0.9800000000000001,1,1,2,accepted_merge,train
ACC-000049,ACC-000051,0.9800000000000001,2,1,3,accepted_merge,validation
ACC-000051,ACC-000052,0.9800000000000001,3,3,3,accepted_redundant,validation
ACC-000054,ACC-000055,0.9800000000000001,1,1,2,accepted_merge,validation
ACC-000054,ACC-000056,0.9800000000000001,2,1,3,accepted_merge,validation
ACC-000055,ACC-000056,0.9800000000000001,3,3,3,accepted_redundant,validation
ACC-000062,ACC-000063,0.9800000000000001,1,1,2,accepted_merge,validation
ACC-000071,ACC-000072,0.9800000000000001,1,1,2,accepted_merge,train
ACC-000077,ACC-000078,0.9800000000000001,1,2,3,accepted_merge,train
ACC-000087,ACC-000088,0.9800000000000001,1,1,2,accepted_merge,test
ACC-000092,ACC-000093,0.9800000000000001,1,1,2,accepted_merge,test
ACC-000092,ACC-000096,0.9800000000000001,2,1,3,accepted_merge,test
ACC-000092,ACC-000097,0.9800000000000001,3,1,4,accepted_merge,test
ACC-000093,ACC-000096,0.9800000000000001,4,4,4,accepted_redundant,test
ACC-000093,ACC-000097,0.9800000000000001,4,4,4,accepted_redundant,test
ACC-000096,ACC-000097,0.9800000000000001,4,4,4,accepted_redundant,test
ACC-000101,ACC-000102,0.9800000000000001,1,1,2,accepted_merge,train
ACC-000107,ACC-000108,0.9800000000000001,1,2,3,accepted_merge,train
ACC-000107,ACC-000109,0.9800000000000001,3,3,3,accepted_redundant,train
ACC-000110,ACC-000111,0.9800000000000001,1,2,3,accepted_merge,train
ACC-000110,ACC-000112,0.9800000000000001,3,3,3,accepted_redundant,train
ACC-000124,ACC-000125,0.9800000000000001,1,1,2,accepted_merge,train
ACC-000126,ACC-000127,0.9800000000000001,1,1,2,accepted_merge,train
ACC-000137,ACC-000138,0.9800000000000001,1,1,2,accepted_merge,train
ACC-000141,ACC-000142,0.9800000000000001,1,1,2,accepted_merge,train
ACC-000158,ACC-000159,0.9800000000000001,1,1,2,accepted_merge,train
ACC-000158,ACC-000160,0.9800000000000001,2,1,3,accepted_merge,train
ACC-000158,ACC-000161,0.9800000000000001,3,1,4,accepted_merge,train
ACC-000159,ACC-000160,0.9800000000000001,4,4,4,accepted_redundant,train
ACC-000159,ACC-000161,0.9800000000000001,4,4,4,accepted_redundant,train
ACC-000160,ACC-000161,0.9800000000000001,4,4,4,accepted_redundant,train
ACC-000166,ACC-000167,0.9800000000000001,1,1,2,accepted_merge,train
ACC-000166,ACC-000168,0.9800000000000001,2,1,3,accepted_merge,train
ACC-000167,ACC-000168,0.9800000000000001,3,3,3,accepted_redundant,train
ACC-000173,ACC-000174,0.9800000000000001,1,1,2,accepted_merge,train
ACC-000175,ACC-000176,0.9800000000000001,1,1,2,accepted_merge,train
ACC-000186,ACC-000187,0.9800000000000001,1,1,2,accepted_merge,validation
ACC-000186,ACC-000188,0.9800000000000001,2,1,3,accepted_merge,validation
ACC-000186,ACC-000189,0.9800000000000001,3,1,4,accepted_merge,validation
ACC-000187,ACC-000188,0.9800000000000001,4,4,4,accepted_redundant,validation
ACC-000187,ACC-000189,0.9800000000000001,4,4,4,accepted_redundant,validation
ACC-000188,ACC-000189,0.9800000000000001,4,4,4,accepted_redundant,validation
ACC-000193,ACC-000195,0.9800000000000001,1,1,2,accepted_merge,train
ACC-000193,ACC-000196,0.9800000000000001,2,1,3,accepted_merge,train
ACC-000195,ACC-000196,0.9800000000000001,3,3,3,accepted_redundant,train
ACC-000197,ACC-000198,0.9800000000000001,1,1,2,accepted_merge,train
ACC-000202,ACC-000204,0.9800000000000001,1,2,3,accepted_merge,train
ACC-000209,ACC-000211,0.9800000000000001,1,1,2,accepted_merge,test
ACC-000209,ACC-000213,0.9800000000000001,2,1,3,accepted_merge,test
ACC-000211,ACC-000213,0.9800000000000001,3,3,3,accepted_redundant,test
ACC-000222,ACC-000223,0.9800000000000001,1,1,2,accepted_merge,test
ACC-000224,ACC-000225,0.9800000000000001,3,1,4,accepted_merge,train
ACC-000225,ACC-000226,0.9800000000000001,4,4,4,accepted_redundant,train
ACC-000225,ACC-000227,0.9800000000000001,4,4,4,accepted_redundant,train
ACC-000236,ACC-000238,0.9800000000000001,1,1,2,accepted_merge,train
ACC-000236,ACC-000239,0.9800000000000001,2,1,3,accepted_merge,train
ACC-000238,ACC-000239,0.9800000000000001,3,3,3,accepted_redundant,train
ACC-000243,ACC-000245,0.9800000000000001,2,1,3,accepted_merge,train
ACC-000246,ACC-000247,0.9800000000000001,1,1,2,accepted_merge,train
ACC-000246,ACC-000248,0.9800000000000001,2,1,3,accepted_merge,train
ACC-000247,ACC-000248,0.9800000000000001,3,3,3,accepted_redundant,train
ACC-000250,ACC-000251,0.9800000000000001,1,1,2,accepted_merge,train
ACC-000254,ACC-000255,0.9800000000000001,1,2,3,accepted_merge,train
ACC-000265,ACC-000266,0.9800000000000001,1,1,2,accepted_merge,test
ACC-000265,ACC-000267,0.9800000000000001,2,1,3,accepted_merge,test
ACC-000265,ACC-000268,0.9800000000000001,3,1,4,accepted_merge,test
ACC-000265,ACC-000269,0.9800000000000001,4,1,5,accepted_merge,test
ACC-000265,ACC-000270,0.9800000000000001,5,1,6,deferred_component_cap,test
ACC-000266,ACC-000267,0.9800000000000001,5,5,5,accepted_redundant,test
ACC-000266,ACC-000268,0.9800000000000001,5,5,5,accepted_redundant,test
ACC-000266,ACC-000269,0.9800000000000001,5,5,5,accepted_redundant,test
ACC-000266,ACC-000270,0.9800000000000001,5,1,6,deferred_component_cap,test
ACC-000267,ACC-000268,0.9800000000000001,5,5,5,accepted_redundant,test
ACC-000267,ACC-000269,0.9800000000000001,5,5,5,accepted_redundant,test
ACC-000267,ACC-000270,0.9800000000000001,5,1,6,deferred_component_cap,test
ACC-000268,ACC-000269,0.9800000000000001,5,5,5,accepted_redundant,test
ACC-000268,ACC-000270,0.9800000000000001,5,1,6,deferred_component_cap,test
ACC-000269,ACC-000270,0.9800000000000001,5,1,6,deferred_component_cap,test
ACC-000271,ACC-000272,0.9800000000000001,1,1,2,accepted_merge,test
ACC-000285,ACC-000286,0.9800000000000001,1,1,2,accepted_merge,train
ACC-000290,ACC-000292,0.9800000000000001,1,1,2,accepted_merge,train
ACC-000290,ACC-000293,0.9800000000000001,2,1,3,accepted_merge,train
ACC-000290,ACC-000295,0.9800000000000001,3,1,4,accepted_merge,train
ACC-000292,ACC-000293,0.9800000000000001,4,4,4,accepted_redundant,train
ACC-000292,ACC-000295,0.9800000000000001,4,4,4,accepted_redundant,train
ACC-000293,ACC-000295,0.9800000000000001,4,4,4,accepted_redundant,train
ACC-000302,ACC-000304,0.9800000000000001,1,1,2,accepted_merge,train
ACC-000309,ACC-000310,0.9800000000000001,1,1,2,accepted_merge,validation
ACC-000311,ACC-000312,0.9800000000000001,1,1,2,accepted_merge,validation
ACC-000311,ACC-000313,0.9800000000000001,2,2,4,accepted_merge,validation
ACC-000311,ACC-000314,0.9800000000000001,4,4,4,accepted_redundant,validation
ACC-000312,ACC-000313,0.9800000000000001,4,4,4,accepted_redundant,validation
ACC-000312,ACC-000314,0.9800000000000001,4,4,4,accepted_redundant,validation
ACC-000315,ACC-000316,0.9800000000000001,1,1,2,accepted_merge,validation
ACC-000317,ACC-000319,0.9800000000000001,2,1,3,accepted_merge,validation
ACC-000318,ACC-000319,0.9800000000000001,3,3,3,accepted_redundant,validation
ACC-000321,ACC-000323,0.9800000000000001,2,1,3,accepted_merge,validation
ACC-000322,ACC-000323,0.9800000000000001,3,3,3,accepted_redundant,validation
ACC-000347,ACC-000348,0.9800000000000001,1,1,2,accepted_merge,train
ACC-000353,ACC-000355,0.9800000000000001,1,1,2,accepted_merge,train
ACC-000353,ACC-000356,0.9800000000000001,2,1,3,accepted_merge,train
ACC-000355,ACC-000356,0.9800000000000001,3,3,3,accepted_redundant,train
ACC-000361,ACC-000362,0.9800000000000001,1,1,2,accepted_merge,train
ACC-000363,ACC-000365,0.9800000000000001,1,1,2,accepted_merge,train
ACC-000374,ACC-000377,0.9800000000000001,1,1,2,accepted_merge,validation
ACC-000374,ACC-000378,0.9800000000000001,2,1,3,accepted_merge,validation
ACC-000374,ACC-000379,0.9800000000000001,3,1,4,accepted_merge,validation
ACC-000377,ACC-000378,0.9800000000000001,4,4,4,accepted_redundant,validation
ACC-000377,ACC-000379,0.9800000000000001,4,4,4,accepted_redundant,validation
ACC-000378,ACC-000379,0.9800000000000001,4,4,4,accepted_redundant,validation
ACC-000384,ACC-000386,0.9800000000000001,1,1,2,accepted_merge,train
ACC-000391,ACC-000392,0.9800000000000001,1,1,2,accepted_merge,train
ACC-000391,ACC-000393,0.9800000000000001,2,1,3,accepted_merge,train
ACC-000392,ACC-000393,0.9800000000000001,3,3,3,accepted_redundant,train
ACC-000394,ACC-000395,0.9800000000000001,1,1,2,accepted_merge,train
ACC-000394,ACC-000396,0.9800000000000001,2,1,3,accepted_merge,train
ACC-000395,ACC-000396,0.9800000000000001,3,3,3,accepted_redundant,train
ACC-000402,ACC-000403,0.9800000000000001,1,1,2,accepted_merge,train
ACC-000405,ACC-000406,0.9800000000000001,1,1,2,accepted_merge,validation
ACC-000407,ACC-000410,0.9800000000000001,3,1,4,accepted_merge,validation
ACC-000408,ACC-000410,0.9800000000000001,4,4,4,accepted_redundant,validation
ACC-000409,ACC-000410,0.9800000000000001,4,4,4,accepted_redundant,validation
ACC-000413,ACC-000414,0.9800000000000001,1,1,2,accepted_merge,validation
ACC-000419,ACC-000420,0.9800000000000001,1,1,2,accepted_merge,validation
ACC-000421,ACC-000423,0.9800000000000001,1,1,2,accepted_merge,validation
ACC-000426,ACC-000427,0.9800000000000001,1,1,2,accepted_merge,validation
ACC-000426,ACC-000428,0.9800000000000001,2,1,3,accepted_merge,validation
ACC-000427,ACC-000428,0.9800000000000001,3,3,3,accepted_redundant,validation
ACC-000441,ACC-000442,0.9800000000000001,1,1,2,accepted_merge,validation
ACC-000441,ACC-000443,0.9800000000000001,2,1,3,accepted_merge,validation
ACC-000441,ACC-000444,0.9800000000000001,3,1,4,accepted_merge,validation
ACC-000441,ACC-000445,0.9800000000000001,4,1,5,accepted_merge,validation
ACC-000442,ACC-000443,0.9800000000000001,5,5,5,accepted_redundant,validation
ACC-000442,ACC-000444,0.9800000000000001,5,5,5,accepted_redundant,validation
ACC-000442,ACC-000445,0.9800000000000001,5,5,5,accepted_redundant,validation
ACC-000443,ACC-000444,0.9800000000000001,5,5,5,accepted_redundant,validation
ACC-000443,ACC-000445,0.9800000000000001,5,5,5,accepted_redundant,validation
ACC-000444,ACC-000445,0.9800000000000001,5,5,5,accepted_redundant,validation
ACC-000461,ACC-000462,0.9800000000000001,1,3,4,accepted_merge,validation
ACC-000461,ACC-000464,0.9800000000000001,4,4,4,accepted_redundant,validation
ACC-000470,ACC-000471,0.9800000000000001,1,1,2,accepted_merge,train
ACC-000473,ACC-000476,0.9800000000000001,3,1,4,accepted_merge,train
ACC-000474,ACC-000476,0.9800000000000001,4,4,4,accepted_redundant,train
ACC-000475,ACC-000476,0.9800000000000001,4,4,4,accepted_redundant,train
ACC-000477,ACC-000479,0.9800000000000001,1,1,2,accepted_merge,train
ACC-000481,ACC-000483,0.9800000000000001,1,1,2,accepted_merge,train
ACC-000501,ACC-000502,0.9800000000000001,1,1,2,accepted_merge,train
ACC-000501,ACC-000503,0.9800000000000001,2,1,3,accepted_merge,train
ACC-000502,ACC-000503,0.9800000000000001,3,3,3,accepted_redundant,train
ACC-000504,ACC-000506,0.9800000000000001,1,1,2,accepted_merge,train
ACC-000504,ACC-000507,0.9800000000000001,2,1,3,accepted_merge,train
ACC-000504,ACC-000508,0.9800000000000001,3,1,4,accepted_merge,train
ACC-000504,ACC-000509,0.9800000000000001,4,1,5,accepted_merge,train
ACC-000506,ACC-000507,0.9800000000000001,5,5,5,accepted_redundant,train
ACC-000506,ACC-000508,0.9800000000000001,5,5,5,accepted_redundant,train
ACC-000506,ACC-000509,0.9800000000000001,5,5,5,accepted_redundant,train
ACC-000507,ACC-000508,0.9800000000000001,5,5,5,accepted_redundant,train
ACC-000507,ACC-000509,0.9800000000000001,5,5,5,accepted_redundant,train
ACC-000508,ACC-000509,0.9800000000000001,5,5,5,accepted_redundant,train
ACC-000511,ACC-000512,0.9800000000000001,1,2,3,accepted_merge,train
ACC-000511,ACC-000513,0.9800000000000001,3,3,3,accepted_redundant,train
ACC-000514,ACC-000515,0.9800000000000001,1,1,2,accepted_merge,train
ACC-000521,ACC-000522,0.9800000000000001,1,1,2,accepted_merge,test
ACC-000534,ACC-000535,0.9800000000000001,1,1,2,accepted_merge,train
ACC-000534,ACC-000536,0.9800000000000001,2,1,3,accepted_merge,train
ACC-000535,ACC-000536,0.9800000000000001,3,3,3,accepted_redundant,train
ACC-000542,ACC-000543,0.9800000000000001,1,1,2,accepted_merge,train
ACC-000545,ACC-000547,0.9800000000000001,3,1,4,accepted_merge,validation
ACC-000546,ACC-000547,0.9800000000000001,4,4,4,accepted_redundant,validation
ACC-000547,ACC-000548,0.9800000000000001,4,4,4,accepted_redundant,validation
ACC-000551,ACC-000552,0.9800000000000001,1,1,2,accepted_merge,validation
ACC-000551,ACC-000556,0.9800000000000001,2,1,3,accepted_merge,validation
ACC-000552,ACC-000556,0.9800000000000001,3,3,3,accepted_redundant,validation
ACC-000559,ACC-000560,0.9800000000000001,1,1,2,accepted_merge,test
ACC-000559,ACC-000561,0.9800000000000001,2,1,3,accepted_merge,test
ACC-000560,ACC-000561,0.9800000000000001,3,3,3,accepted_redundant,test
ACC-000563,ACC-000564,0.9800000000000001,1,1,2,accepted_merge,test
ACC-000567,ACC-000568,0.9800000000000001,1,1,2,accepted_merge,validation
ACC-000567,ACC-000569,0.9800000000000001,2,1,3,accepted_merge,validation
ACC-000568,ACC-000569,0.9800000000000001,3,3,3,accepted_redundant,validation
ACC-000572,ACC-000574,0.9800000000000001,2,1,3,accepted_merge,train
ACC-000573,ACC-000574,0.9800000000000001,3,3,3,accepted_redundant,train
ACC-000576,ACC-000577,0.9800000000000001,1,1,2,accepted_merge,train
ACC-000591,ACC-000592,0.9800000000000001,1,1,2,accepted_merge,train
ACC-000600,ACC-000601,0.9800000000000001,1,1,2,accepted_merge,train
ACC-000600,ACC-000602,0.9800000000000001,2,1,3,accepted_merge,train
ACC-000601,ACC-000602,0.9800000000000001,3,3,3,accepted_redundant,train
ACC-000621,ACC-000622,0.9800000000000001,1,1,2,accepted_merge,test
ACC-000621,ACC-000623,0.9800000000000001,2,1,3,accepted_merge,test
ACC-000621,ACC-000624,0.9800000000000001,3,1,4,accepted_merge,test
ACC-000621,ACC-000625,0.9800000000000001,4,1,5,accepted_merge,test
ACC-000622,ACC-000623,0.9800000000000001,5,5,5,accepted_redundant,test
ACC-000622,ACC-000624,0.9800000000000001,5,5,5,accepted_redundant,test
ACC-000622,ACC-000625,0.9800000000000001,5,5,5,accepted_redundant,test
ACC-000623,ACC-000624,0.9800000000000001,5,5,5,accepted_redundant,test
ACC-000623,ACC-000625,0.9800000000000001,5,5,5,accepted_redundant,test
ACC-000624,ACC-000625,0.9800000000000001,5,5,5,accepted_redundant,test
ACC-000628,ACC-000630,0.9800000000000001,1,1,2,accepted_merge,test
ACC-000638,ACC-000639,0.9800000000000001,1,1,2,accepted_merge,train
ACC-000647,ACC-000648,0.9800000000000001,1,1,2,accepted_merge,train
ACC-000647,ACC-000649,0.9800000000000001,2,1,3,accepted_merge,train
ACC-000648,ACC-000649,0.9800000000000001,3,3,3,accepted_redundant,train
ACC-000653,ACC-000654,0.9800000000000001,1,1,2,accepted_merge,train
ACC-000656,ACC-000657,0.9800000000000001,1,1,2,accepted_merge,validation
ACC-000656,ACC-000658,0.9800000000000001,2,1,3,accepted_merge,validation
ACC-000656,ACC-000659,0.9800000000000001,3,1,4,accepted_merge,validation
ACC-000657,ACC-000658,0.9800000000000001,4,4,4,accepted_redundant,validation
ACC-000657,ACC-000659,0.9800000000000001,4,4,4,accepted_redundant,validation
ACC-000658,ACC-000659,0.9800000000000001,4,4,4,accepted_redundant,validation
ACC-000667,ACC-000668,0.9800000000000001,1,1,2,accepted_merge,validation
ACC-000674,ACC-000675,0.9800000000000001,1,1,2,accepted_merge,test
ACC-000677,ACC-000678,0.9800000000000001,1,1,2,accepted_merge,test
ACC-000677,ACC-000679,0.9800000000000001,2,1,3,accepted_merge,test
ACC-000677,ACC-000681,0.9800000000000001,3,1,4,accepted_merge,test
ACC-000678,ACC-000679,0.9800000000000001,4,4,4,accepted_redundant,test
ACC-000678,ACC-000681,0.9800000000000001,4,4,4,accepted_redundant,test
ACC-000679,ACC-000681,0.9800000000000001,4,4,4,accepted_redundant,test
ACC-000684,ACC-000685,0.9800000000000001,1,1,2,accepted_merge,test
ACC-000684,ACC-000686,0.9800000000000001,2,1,3,accepted_merge,test
ACC-000684,ACC-000687,0.9800000000000001,3,1,4,accepted_merge,test
ACC-000684,ACC-000688,0.9800000000000001,4,1,5,accepted_merge,test
ACC-000685,ACC-000686,0.9800000000000001,5,5,5,accepted_redundant,test
ACC-000685,ACC-000687,0.9800000000000001,5,5,5,accepted_redundant,test
ACC-000685,ACC-000688,0.9800000000000001,5,5,5,accepted_redundant,test
ACC-000686,ACC-000687,0.9800000000000001,5,5,5,accepted_redundant,test
ACC-000686,ACC-000688,0.9800000000000001,5,5,5,accepted_redundant,test
ACC-000687,ACC-000688,0.9800000000000001,5,5,5,accepted_redundant,test
ACC-000690,ACC-000691,0.9800000000000001,1,1,2,accepted_merge,test
ACC-000704,ACC-000705,0.9800000000000001,1,1,2,accepted_merge,train
ACC-000706,ACC-000708,0.9800000000000001,3,1,4,accepted_merge,test
ACC-000707,ACC-000708,0.9800000000000001,4,4,4,accepted_redundant,test
ACC-000708,ACC-000709,0.9800000000000001,4,4,4,accepted_redundant,test
ACC-000716,ACC-000717,0.9800000000000001,2,1,3,accepted_merge,test
ACC-000717,ACC-000718,0.9800000000000001,3,3,3,accepted_redundant,test
ACC-000720,ACC-000721,0.9800000000000001,1,1,2,accepted_merge,test
ACC-000720,ACC-000723,0.9800000000000001,2,1,3,accepted_merge,test
ACC-000720,ACC-000724,0.9800000000000001,3,1,4,accepted_merge,test
ACC-000720,ACC-000725,0.9800000000000001,4,1,5,accepted_merge,test
ACC-000721,ACC-000723,0.9800000000000001,5,5,5,accepted_redundant,test
ACC-000721,ACC-000724,0.9800000000000001,5,5,5,accepted_redundant,test
ACC-000721,ACC-000725,0.9800000000000001,5,5,5,accepted_redundant,test
ACC-000723,ACC-000724,0.9800000000000001,5,5,5,accepted_redundant,test
ACC-000723,ACC-000725,0.9800000000000001,5,5,5,accepted_redundant,test
ACC-000724,ACC-000725,0.9800000000000001,5,5,5,accepted_redundant,test
ACC-000726,ACC-000727,0.9800000000000001,1,1,2,accepted_merge,train
ACC-000730,ACC-000731,0.9800000000000001,1,1,2,accepted_merge,train
ACC-000730,ACC-000732,0.9800000000000001,2,1,3,accepted_merge,train
ACC-000730,ACC-000733,0.9800000000000001,3,1,4,accepted_merge,train
ACC-000731,ACC-000732,0.9800000000000001,4,4,4,accepted_redundant,train
ACC-000731,ACC-000733,0.9800000000000001,4,4,4,accepted_redundant,train
ACC-000732,ACC-000733,0.9800000000000001,4,4,4,accepted_redundant,train
ACC-000742,ACC-000745,0.9800000000000001,2,1,3,accepted_merge,test
ACC-000743,ACC-000745,0.9800000000000001,3,3,3,accepted_redundant,test
ACC-000746,ACC-000749,0.9800000000000001,1,1,2,accepted_merge,validation
ACC-000746,ACC-000750,0.9800000000000001,2,1,3,accepted_merge,validation
ACC-000746,ACC-000751,0.9800000000000001,3,1,4,accepted_merge,validation
ACC-000749,ACC-000750,0.9800000000000001,4,4,4,accepted_redundant,validation
ACC-000749,ACC-000751,0.9800000000000001,4,4,4,accepted_redundant,validation
ACC-000750,ACC-000751,0.9800000000000001,4,4,4,accepted_redundant,validation
ACC-000752,ACC-000753,0.9800000000000001,1,1,2,accepted_merge,validation
ACC-000754,ACC-000755,0.9800000000000001,1,1,2,accepted_merge,validation
ACC-000775,ACC-000776,0.9800000000000001,1,1,2,accepted_merge,train
ACC-000782,ACC-000783,0.9800000000000001,1,2,3,accepted_merge,test
ACC-000782,ACC-000784,0.9800000000000001,3,3,3,accepted_redundant,test
ACC-000786,ACC-000787,0.9800000000000001,1,1,2,accepted_merge,test
ACC-000788,ACC-000789,0.9800000000000001,1,1,2,accepted_merge,test
ACC-000799,ACC-000800,0.9800000000000001,1,1,2,accepted_merge,train
ACC-000804,ACC-000805,0.9800000000000001,1,1,2,accepted_merge,train
ACC-000804,ACC-000807,0.9800000000000001,2,1,3,accepted_merge,train
ACC-000805,ACC-000807,0.9800000000000001,3,3,3,accepted_redundant,train
ACC-000808,ACC-000809,0.9800000000000001,1,1,2,accepted_merge,train
ACC-000816,ACC-000817,0.9800000000000001,1,1,2,accepted_merge,test
ACC-000816,ACC-000818,0.9800000000000001,2,1,3,accepted_merge,test
ACC-000817,ACC-000818,0.9800000000000001,3,3,3,accepted_redundant,test
ACC-000821,ACC-000822,0.9800000000000001,1,1,2,accepted_merge,train
ACC-000821,ACC-000824,0.9800000000000001,2,1,3,accepted_merge,train
ACC-000822,ACC-000824,0.9800000000000001,3,3,3,accepted_redundant,train
ACC-000829,ACC-000830,0.9800000000000001,1,1,2,accepted_merge,test
ACC-000835,ACC-000836,0.9800000000000001,1,1,2,accepted_merge,test
ACC-000839,ACC-000840,0.9800000000000001,1,1,2,accepted_merge,train
ACC-000841,ACC-000842,0.9800000000000001,1,1,2,accepted_merge,train
ACC-000841,ACC-000843,0.9800000000000001,2,1,3,accepted_merge,train
ACC-000841,ACC-000844,0.9800000000000001,3,1,4,accepted_merge,train
ACC-000841,ACC-000845,0.9800000000000001,4,1,5,accepted_merge,train
ACC-000841,ACC-000846,0.9800000000000001,5,1,6,deferred_component_cap,train
ACC-000842,ACC-000843,0.9800000000000001,5,5,5,accepted_redundant,train
ACC-000842,ACC-000844,0.9800000000000001,5,5,5,accepted_redundant,train
ACC-000842,ACC-000845,0.9800000000000001,5,5,5,accepted_redundant,train
ACC-000842,ACC-000846,0.9800000000000001,5,1,6,deferred_component_cap,train
ACC-000843,ACC-000844,0.9800000000000001,5,5,5,accepted_redundant,train
ACC-000843,ACC-000845,0.9800000000000001,5,5,5,accepted_redundant,train
ACC-000843,ACC-000846,0.9800000000000001,5,1,6,deferred_component_cap,train
ACC-000844,ACC-000845,0.9800000000000001,5,5,5,accepted_redundant,train
ACC-000844,ACC-000846,0.9800000000000001,5,1,6,deferred_component_cap,train
ACC-000845,ACC-000846,0.9800000000000001,5,1,6,deferred_component_cap,train
ACC-000847,ACC-000848,0.9800000000000001,1,1,2,accepted_merge,train
ACC-000847,ACC-000849,0.9800000000000001,2,1,3,accepted_merge,train
ACC-000848,ACC-000849,0.9800000000000001,3,3,3,accepted_redundant,train
ACC-000851,ACC-000853,0.9800000000000001,1,1,2,accepted_merge,train
ACC-000865,ACC-000866,0.9800000000000001,1,1,2,accepted_merge,test
ACC-000875,ACC-000876,0.9800000000000001,1,1,2,accepted_merge,train
ACC-000879,ACC-000880,0.9800000000000001,1,1,2,accepted_merge,train
ACC-000883,ACC-000885,0.9800000000000001,2,1,3,accepted_merge,train
ACC-000884,ACC-000885,0.9800000000000001,3,3,3,accepted_redundant,train
ACC-000888,ACC-000891,0.9800000000000001,3,1,4,accepted_merge,train
ACC-000907,ACC-000908,0.9800000000000001,1,1,2,accepted_merge,train
ACC-000921,ACC-000922,0.9800000000000001,1,3,4,accepted_merge,train
ACC-000921,ACC-000923,0.9800000000000001,4,4,4,accepted_redundant,train
ACC-000921,ACC-000924,0.9800000000000001,4,4,4,accepted_redundant,train
ACC-000931,ACC-000932,0.9800000000000001,1,1,2,accepted_merge,test
ACC-000931,ACC-000933,0.9800000000000001,2,1,3,accepted_merge,test
ACC-000932,ACC-000933,0.9800000000000001,3,3,3,accepted_redundant,test
ACC-000942,ACC-000943,0.9800000000000001,3,1,4,accepted_merge,test
ACC-000943,ACC-000944,0.9800000000000001,4,4,4,accepted_redundant,test
ACC-000943,ACC-000945,0.9800000000000001,4,4,4,accepted_redundant,test
ACC-000948,ACC-000950,0.9800000000000001,1,1,2,accepted_merge,test
ACC-000960,ACC-000961,0.9800000000000001,1,1,2,accepted_merge,test
ACC-000967,ACC-000968,0.9800000000000001,1,1,2,accepted_merge,validation
ACC-000972,ACC-000973,0.9800000000000001,1,1,2,accepted_merge,validation
ACC-000976,ACC-000977,0.9800000000000001,1,1,2,accepted_merge,train
ACC-000985,ACC-000986,0.9800000000000001,1,1,2,accepted_merge,train
ACC-000985,ACC-000987,0.9800000000000001,2,1,3,accepted_merge,train
ACC-000985,ACC-000988,0.9800000000000001,3,1,4,accepted_merge,train
ACC-000985,ACC-000989,0.9800000000000001,4,1,5,accepted_merge,train
ACC-000985,ACC-000990,0.9800000000000001,5,1,6,deferred_component_cap,train
ACC-000986,ACC-000987,0.9800000000000001,5,5,5,accepted_redundant,train
ACC-000986,ACC-000988,0.9800000000000001,5,5,5,accepted_redundant,train
ACC-000986,ACC-000989,0.9800000000000001,5,5,5,accepted_redundant,train
ACC-000986,ACC-000990,0.9800000000000001,5,1,6,deferred_component_cap,train
ACC-000987,ACC-000988,0.9800000000000001,5,5,5,accepted_redundant,train
ACC-000987,ACC-000989,0.9800000000000001,5,5,5,accepted_redundant,train
ACC-000987,ACC-000990,0.9800000000000001,5,1,6,deferred_component_cap,train
ACC-000988,ACC-000989,0.9800000000000001,5,5,5,accepted_redundant,train
ACC-000988,ACC-000990,0.9800000000000001,5,1,6,deferred_component_cap,train
ACC-000989,ACC-000990,0.9800000000000001,5,1,6,deferred_component_cap,train
ACC-000998,ACC-000999,0.9800000000000001,1,1,2,accepted_merge,validation
ACC-001004,ACC-001005,0.9800000000000001,1,1,2,accepted_merge,train
ACC-001020,ACC-001021,0.9800000000000001,1,1,2,accepted_merge,train
ACC-001022,ACC-001023,0.9800000000000001,1,1,2,accepted_merge,train
ACC-001022,ACC-001024,0.9800000000000001,2,1,3,accepted_merge,train
ACC-001023,ACC-001024,0.9800000000000001,3,3,3,accepted_redundant,train
ACC-001029,ACC-001030,0.9800000000000001,1,1,2,accepted_merge,train
ACC-001040,ACC-001041,0.9800000000000001,1,1,2,accepted_merge,test
ACC-001040,ACC-001042,0.9800000000000001,2,1,3,accepted_merge,test
ACC-001041,ACC-001042,0.9800000000000001,3,3,3,accepted_redundant,test
ACC-001045,ACC-001046,0.9800000000000001,1,1,2,accepted_merge,train
ACC-001047,ACC-001048,0.9800000000000001,2,1,3,accepted_merge,train
ACC-001052,ACC-001053,0.9800000000000001,2,1,3,accepted_merge,train
ACC-001053,ACC-001054,0.9800000000000001,3,3,3,accepted_redundant,train
ACC-001068,ACC-001070,0.9800000000000001,3,1,4,accepted_merge,train
ACC-001069,ACC-001070,0.9800000000000001,4,4,4,accepted_redundant,train
ACC-001070,ACC-001071,0.9800000000000001,4,4,4,accepted_redundant,train
ACC-001073,ACC-001074,0.9800000000000001,1,3,4,accepted_merge,validation
ACC-001073,ACC-001075,0.9800000000000001,4,4,4,accepted_redundant,validation
ACC-001077,ACC-001078,0.9800000000000001,1,1,2,accepted_merge,validation
ACC-001081,ACC-001082,0.9800000000000001,1,1,2,accepted_merge,validation
ACC-001090,ACC-001091,0.9800000000000001,1,1,2,accepted_merge,train
ACC-001092,ACC-001093,0.9800000000000001,1,1,2,accepted_merge,train
ACC-001102,ACC-001104,0.9800000000000001,1,1,2,accepted_merge,train
ACC-001108,ACC-001109,0.9800000000000001,1,2,3,accepted_merge,train
ACC-001108,ACC-001110,0.9800000000000001,3,3,3,accepted_redundant,train
ACC-001113,ACC-001114,0.9800000000000001,1,1,2,accepted_merge,train
ACC-001116,ACC-001118,0.9800000000000001,1,1,2,accepted_merge,train
ACC-001116,ACC-001119,0.9800000000000001,2,1,3,accepted_merge,train
ACC-001118,ACC-001119,0.9800000000000001,3,3,3,accepted_redundant,train
ACC-001123,ACC-001124,0.9800000000000001,1,1,2,accepted_merge,train
ACC-001127,ACC-001128,0.9800000000000001,1,1,2,accepted_merge,train
ACC-001130,ACC-001131,0.9800000000000001,1,1,2,accepted_merge,train
ACC-001132,ACC-001133,0.9800000000000001,1,1,2,accepted_merge,train
ACC-001134,ACC-001135,0.9800000000000001,1,1,2,accepted_merge,train
ACC-001165,ACC-001168,0.9800000000000001,2,1,3,accepted_merge,train
ACC-001166,ACC-001168,0.9800000000000001,3,3,3,accepted_redundant,train
ACC-001169,ACC-001170,0.9800000000000001,1,1,2,accepted_merge,train
ACC-001169,ACC-001171,0.9800000000000001,2,1,3,accepted_merge,train
ACC-001170,ACC-001171,0.9800000000000001,3,3,3,accepted_redundant,train
ACC-001176,ACC-001177,0.9800000000000001,1,1,2,accepted_merge,train
ACC-001176,ACC-001178,0.9800000000000001,2,1,3,accepted_merge,train
ACC-001177,ACC-001178,0.9800000000000001,3,3,3,accepted_redundant,train
ACC-001180,ACC-001181,0.9800000000000001,1,1,2,accepted_merge,train
ACC-001180,ACC-001182,0.9800000000000001,2,1,3,accepted_merge,train
ACC-001181,ACC-001182,0.9800000000000001,3,3,3,accepted_redundant,train
ACC-001188,ACC-001189,0.9800000000000001,1,1,2,accepted_merge,validation
ACC-001188,ACC-001190,0.9800000000000001,2,1,3,accepted_merge,validation
ACC-001188,ACC-001192,0.9800000000000001,3,1,4,accepted_merge,validation
ACC-001189,ACC-001190,0.9800000000000001,4,4,4,accepted_redundant,validation
ACC-001189,ACC-001192,0.9800000000000001,4,4,4,accepted_redundant,validation
ACC-001190,ACC-001192,0.9800000000000001,4,4,4,accepted_redundant,validation
ACC-001202,ACC-001203,0.9800000000000001,1,1,2,accepted_merge,test
ACC-001211,ACC-001212,0.9800000000000001,1,1,2,accepted_merge,test
ACC-001214,ACC-001215,0.9800000000000001,1,1,2,accepted_merge,test
ACC-001242,ACC-001243,0.9800000000000001,1,1,2,accepted_merge,train
ACC-001242,ACC-001244,0.9800000000000001,2,1,3,accepted_merge,train
ACC-001243,ACC-001244,0.9800000000000001,3,3,3,accepted_redundant,train
ACC-001261,ACC-001263,0.9800000000000001,1,1,2,accepted_merge,train
ACC-001268,ACC-001269,0.9800000000000001,1,1,2,accepted_merge,validation
ACC-001272,ACC-001273,0.9800000000000001,1,1,2,accepted_merge,validation
ACC-001278,ACC-001279,0.9800000000000001,1,1,2,accepted_merge,train
ACC-001278,ACC-001280,0.9800000000000001,2,1,3,accepted_merge,train
ACC-001279,ACC-001280,0.9800000000000001,3,3,3,accepted_redundant,train
ACC-001282,ACC-001283,0.9800000000000001,1,1,2,accepted_merge,test
ACC-001282,ACC-001284,0.9800000000000001,2,1,3,accepted_merge,test
ACC-001283,ACC-001284,0.9800000000000001,3,3,3,accepted_redundant,test
ACC-001291,ACC-001292,0.9800000000000001,1,1,2,accepted_merge,test
ACC-001294,ACC-001295,0.9800000000000001,3,1,4,accepted_merge,test
ACC-001295,ACC-001296,0.9800000000000001,4,4,4,accepted_redundant,test
ACC-001295,ACC-001297,0.9800000000000001,4,4,4,accepted_redundant,test
ACC-001298,ACC-001299,0.9800000000000001,1,1,2,accepted_merge,train
ACC-001300,ACC-001301,0.9800000000000001,1,1,2,accepted_merge,train
ACC-001303,ACC-001305,0.9800000000000001,2,1,3,accepted_merge,train
ACC-001304,ACC-001305,0.9800000000000001,3,3,3,accepted_redundant,train
ACC-001309,ACC-001310,0.9800000000000001,1,1,2,accepted_merge,validation
ACC-001312,ACC-001313,0.9800000000000001,1,1,2,accepted_merge,train
ACC-001322,ACC-001323,0.9800000000000001,1,1,2,accepted_merge,train
ACC-001328,ACC-001330,0.9800000000000001,2,1,3,accepted_merge,train
ACC-001329,ACC-001330,0.9800000000000001,3,3,3,accepted_redundant,train
ACC-001332,ACC-001333,0.9800000000000001,1,1,2,accepted_merge,train
ACC-001337,ACC-001339,0.9800000000000001,1,1,2,accepted_merge,train
ACC-001346,ACC-001347,0.9800000000000001,1,1,2,accepted_merge,train
ACC-001346,ACC-001348,0.9800000000000001,2,1,3,accepted_merge,train
ACC-001347,ACC-001348,0.9800000000000001,3,3,3,accepted_redundant,train
ACC-001358,ACC-001359,0.9800000000000001,1,1,2,accepted_merge,train
ACC-001358,ACC-001360,0.9800000000000001,2,1,3,accepted_merge,train
ACC-001359,ACC-001360,0.9800000000000001,3,3,3,accepted_redundant,train
ACC-001365,ACC-001366,0.9800000000000001,1,1,2,accepted_merge,test
ACC-001365,ACC-001367,0.9800000000000001,2,1,3,accepted_merge,test
ACC-001365,ACC-001368,0.9800000000000001,3,1,4,accepted_merge,test
ACC-001365,ACC-001369,0.9800000000000001,4,1,5,accepted_merge,test
ACC-001366,ACC-001367,0.9800000000000001,5,5,5,accepted_redundant,test
ACC-001366,ACC-001368,0.9800000000000001,5,5,5,accepted_redundant,test
ACC-001366,ACC-001369,0.9800000000000001,5,5,5,accepted_redundant,test
ACC-001367,ACC-001368,0.9800000000000001,5,5,5,accepted_redundant,test
ACC-001367,ACC-001369,0.9800000000000001,5,5,5,accepted_redundant,test
ACC-001368,ACC-001369,0.9800000000000001,5,5,5,accepted_redundant,test
ACC-001374,ACC-001375,0.9800000000000001,1,1,2,accepted_merge,train
ACC-001374,ACC-001377,0.9800000000000001,2,1,3,accepted_merge,train
ACC-001374,ACC-001379,0.9800000000000001,3,1,4,accepted_merge,train
ACC-001375,ACC-001377,0.9800000000000001,4,4,4,accepted_redundant,train
ACC-001375,ACC-001379,0.9800000000000001,4,4,4,accepted_redundant,train
ACC-001377,ACC-001379,0.9800000000000001,4,4,4,accepted_redundant,train
ACC-001380,ACC-001381,0.9800000000000001,1,1,2,accepted_merge,train
ACC-001380,ACC-001382,0.9800000000000001,2,1,3,accepted_merge,train
ACC-001380,ACC-001384,0.9800000000000001,3,1,4,accepted_merge,train
ACC-001380,ACC-001385,0.9800000000000001,4,1,5,accepted_merge,train
ACC-001381,ACC-001382,0.9800000000000001,5,5,5,accepted_redundant,train
ACC-001381,ACC-001384,0.9800000000000001,5,5,5,accepted_redundant,train
ACC-001381,ACC-001385,0.9800000000000001,5,5,5,accepted_redundant,train
ACC-001382,ACC-001384,0.9800000000000001,5,5,5,accepted_redundant,train
ACC-001382,ACC-001385,0.9800000000000001,5,5,5,accepted_redundant,train
ACC-001384,ACC-001385,0.9800000000000001,5,5,5,accepted_redundant,train
ACC-001386,ACC-001387,0.9800000000000001,1,1,2,accepted_merge,train
ACC-001390,ACC-001391,0.9800000000000001,1,1,2,accepted_merge,test
ACC-001390,ACC-001392,0.9800000000000001,2,1,3,accepted_merge,test
ACC-001391,ACC-001392,0.9800000000000001,3,3,3,accepted_redundant,test
ACC-001402,ACC-001403,0.9800000000000001,1,1,2,accepted_merge,train
ACC-001402,ACC-001404,0.9800000000000001,2,1,3,accepted_merge,train
ACC-001403,ACC-001404,0.9800000000000001,3,3,3,accepted_redundant,train
ACC-001405,ACC-001406,0.9800000000000001,1,1,2,accepted_merge,train
ACC-001422,ACC-001424,0.9800000000000001,1,1,2,accepted_merge,train
ACC-001422,ACC-001425,0.9800000000000001,2,1,3,accepted_merge,train
ACC-001424,ACC-001425,0.9800000000000001,3,3,3,accepted_redundant,train
ACC-001435,ACC-001436,0.9800000000000001,1,1,2,accepted_merge,test
ACC-001435,ACC-001437,0.9800000000000001,2,1,3,accepted_merge,test
ACC-001435,ACC-001438,0.9800000000000001,3,1,4,accepted_merge,test
ACC-001436,ACC-001437,0.9800000000000001,4,4,4,accepted_redundant,test
ACC-001436,ACC-001438,0.9800000000000001,4,4,4,accepted_redundant,test
ACC-001437,ACC-001438,0.9800000000000001,4,4,4,accepted_redundant,test
ACC-001452,ACC-001453,0.9800000000000001,1,3,4,accepted_merge,validation
ACC-001452,ACC-001455,0.9800000000000001,4,4,4,accepted_redundant,validation
ACC-001456,ACC-001458,0.9800000000000001,3,1,4,accepted_merge,validation
ACC-001457,ACC-001458,0.9800000000000001,4,4,4,accepted_redundant,validation
ACC-001458,ACC-001459,0.9800000000000001,4,4,4,accepted_redundant,validation
ACC-001461,ACC-001462,0.9800000000000001,1,1,2,accepted_merge,test
ACC-001461,ACC-001463,0.9800000000000001,2,1,3,accepted_merge,test
ACC-001461,ACC-001464,0.9800000000000001,3,1,4,accepted_merge,test
ACC-001462,ACC-001463,0.9800000000000001,4,4,4,accepted_redundant,test
ACC-001462,ACC-001464,0.9800000000000001,4,4,4,accepted_redundant,test
ACC-001463,ACC-001464,0.9800000000000001,4,4,4,accepted_redundant,test
ACC-001465,ACC-001466,0.9800000000000001,1,1,2,accepted_merge,test
ACC-001465,ACC-001467,0.9800000000000001,2,1,3,accepted_merge,test
ACC-001466,ACC-001467,0.9800000000000001,3,3,3,accepted_redundant,test
ACC-000802,ACC-000803,0.9785714285714285,1,1,2,accepted_merge,train
ACC-000297,ACC-000298,0.9782608695652174,1,1,2,accepted_merge,train
ACC-000385,ACC-000390,0.9782608695652174,1,1,2,accepted_merge,train
ACC-000554,ACC-000555,0.9782608695652174,1,1,2,accepted_merge,validation
ACC-000949,ACC-000951,0.9782608695652174,1,1,2,accepted_merge,test
ACC-001084,ACC-001085,0.9782608695652174,1,1,2,accepted_merge,validation
ACC-000153,ACC-000154,0.9767080745341613,1,1,2,accepted_merge,validation
ACC-000595,ACC-000597,0.9767080745341613,4,4,4,accepted_redundant,train
ACC-000889,ACC-000890,0.9767080745341613,4,4,4,accepted_redundant,train
ACC-000043,ACC-000046,0.9749163879598661,4,4,4,accepted_redundant,train
ACC-000530,ACC-000531,0.9749163879598661,1,1,2,accepted_merge,train
ACC-001227,ACC-001229,0.9703225806451613,1,2,3,accepted_merge,train
ACC-001227,ACC-001230,0.9703225806451613,3,3,3,accepted_redundant,train
ACC-001374,ACC-001378,0.9703225806451613,4,1,5,accepted_merge,train
ACC-001375,ACC-001378,0.9703225806451613,5,5,5,accepted_redundant,train
ACC-001377,ACC-001378,0.9703225806451613,5,5,5,accepted_redundant,train
ACC-001378,ACC-001379,0.9703225806451613,5,5,5,accepted_redundant,train
ACC-000059,ACC-000060,0.9696551724137931,1,1,2,accepted_merge,validation
ACC-000100,ACC-000101,0.9696551724137931,1,2,3,accepted_merge,train
ACC-000100,ACC-000102,0.9696551724137931,3,3,3,accepted_redundant,train
ACC-000193,ACC-000194,0.9696551724137931,3,1,4,accepted_merge,train
ACC-000194,ACC-000195,0.9696551724137931,4,4,4,accepted_redundant,train
ACC-000194,ACC-000196,0.9696551724137931,4,4,4,accepted_redundant,train
ACC-000199,ACC-000201,0.9696551724137931,1,1,2,accepted_merge,train
ACC-000505,ACC-000510,0.9696551724137931,1,1,2,accepted_merge,train
ACC-000551,ACC-000553,0.9696551724137931,3,1,4,accepted_merge,validation
ACC-000551,ACC-000555,0.9696551724137931,4,2,6,deferred_component_cap,validation
ACC-000552,ACC-000553,0.9696551724137931,4,4,4,accepted_redundant,validation
ACC-000552,ACC-000555,0.9696551724137931,4,2,6,deferred_component_cap,validation
ACC-000553,ACC-000556,0.9696551724137931,4,4,4,accepted_redundant,validation
ACC-000555,ACC-000556,0.9696551724137931,2,4,6,deferred_component_cap,validation
ACC-000711,ACC-000712,0.9696551724137931,1,1,2,accepted_merge,test
ACC-000851,ACC-000852,0.9696551724137931,2,1,3,accepted_merge,train
ACC-000852,ACC-000853,0.9696551724137931,3,3,3,accepted_redundant,train
ACC-000890,ACC-000891,0.9696551724137931,4,4,4,accepted_redundant,train
ACC-000978,ACC-000979,0.9696551724137931,1,1,2,accepted_merge,train
ACC-001022,ACC-001025,0.9696551724137931,3,1,4,accepted_merge,train
ACC-001023,ACC-001025,0.9696551724137931,4,4,4,accepted_redundant,train
ACC-001024,ACC-001025,0.9696551724137931,4,4,4,accepted_redundant,train
ACC-001364,ACC-001365,0.9696551724137931,1,5,6,deferred_component_cap,test
ACC-001364,ACC-001366,0.9696551724137931,1,5,6,deferred_component_cap,test
ACC-001364,ACC-001367,0.9696551724137931,1,5,6,deferred_component_cap,test
ACC-001364,ACC-001368,0.9696551724137931,1,5,6,deferred_component_cap,test
ACC-001364,ACC-001369,0.9696551724137931,1,5,6,deferred_component_cap,test
ACC-001365,ACC-001370,0.9696551724137931,5,1,6,deferred_component_cap,test
ACC-001366,ACC-001370,0.9696551724137931,5,1,6,deferred_component_cap,test
ACC-001367,ACC-001370,0.9696551724137931,5,1,6,deferred_component_cap,test
ACC-001368,ACC-001370,0.9696551724137931,5,1,6,deferred_component_cap,test
ACC-001369,ACC-001370,0.9696551724137931,5,1,6,deferred_component_cap,test
ACC-000092,ACC-000095,0.9688888888888888,4,1,5,accepted_merge,test
ACC-000093,ACC-000095,0.9688888888888888,5,5,5,accepted_redundant,test
ACC-000095,ACC-000096,0.9688888888888888,5,5,5,accepted_redundant,test
ACC-000095,ACC-000097,0.9688888888888888,5,5,5,accepted_redundant,test
ACC-000141,ACC-000143,0.9688888888888888,2,1,3,accepted_merge,train
ACC-000142,ACC-000143,0.9688888888888888,3,3,3,accepted_redundant,train
ACC-000235,ACC-000236,0.9688888888888888,1,3,4,accepted_merge,train
ACC-000235,ACC-000238,0.9688888888888888,4,4,4,accepted_redundant,train
ACC-000235,ACC-000239,0.9688888888888888,4,4,4,accepted_redundant,train
ACC-000242,ACC-000243,0.9688888888888888,1,3,4,accepted_merge,train
ACC-000242,ACC-000245,0.9688888888888888,4,4,4,accepted_redundant,train
ACC-000244,ACC-000245,0.9688888888888888,4,4,4,accepted_redundant,train
ACC-001057,ACC-001059,0.9688888888888888,1,2,3,accepted_merge,train
ACC-000374,ACC-000376,0.9680000000000001,4,1,5,accepted_merge,validation
ACC-000376,ACC-000377,0.9680000000000001,5,5,5,accepted_redundant,validation
ACC-000376,ACC-000378,0.9680000000000001,5,5,5,accepted_redundant,validation
ACC-000376,ACC-000379,0.9680000000000001,5,5,5,accepted_redundant,validation
ACC-000775,ACC-000777,0.9680000000000001,2,1,3,accepted_merge,train
ACC-000776,ACC-000777,0.9680000000000001,3,3,3,accepted_redundant,train
ACC-000793,ACC-000795,0.9680000000000001,1,2,3,accepted_merge,train
ACC-000962,ACC-000963,0.9680000000000001,1,2,3,accepted_merge,test
ACC-000962,ACC-000964,0.9680000000000001,3,3,3,accepted_redundant,test
ACC-001066,ACC-001067,0.9680000000000001,1,1,2,accepted_merge,train
ACC-000461,ACC-000463,0.9677419354838709,4,4,4,accepted_redundant,validation
ACC-000610,ACC-000611,0.9677419354838709,1,4,5,accepted_merge,train
ACC-000610,ACC-000613,0.9677419354838709,5,5,5,accepted_redundant,train
ACC-000610,ACC-000614,0.9677419354838709,5,5,5,accepted_redundant,train
ACC-001043,ACC-001044,0.9677419354838709,1,1,2,accepted_merge,test
ACC-001277,ACC-001278,0.9677419354838709,1,3,4,accepted_merge,train
ACC-001277,ACC-001279,0.9677419354838709,4,4,4,accepted_redundant,train
ACC-001277,ACC-001280,0.9677419354838709,4,4,4,accepted_redundant,train
ACC-000104,ACC-000107,0.9670164917541227,1,3,4,accepted_merge,train
ACC-000104,ACC-000108,0.9670164917541227,4,4,4,accepted_redundant,train
ACC-000104,ACC-000109,0.9670164917541227,4,4,4,accepted_redundant,train
ACC-000202,ACC-000203,0.9670164917541227,3,3,3,accepted_redundant,train
ACC-000260,ACC-000264,0.9670164917541227,1,1,2,accepted_merge,test
ACC-000363,ACC-000364,0.9670164917541227,2,1,3,accepted_merge,train
ACC-000364,ACC-000365,0.9670164917541227,3,3,3,accepted_redundant,train
ACC-000441,ACC-000446,0.9670164917541227,5,1,6,deferred_component_cap,validation
ACC-000442,ACC-000446,0.9670164917541227,5,1,6,deferred_component_cap,validation
ACC-000443,ACC-000446,0.9670164917541227,5,1,6,deferred_component_cap,validation
ACC-000444,ACC-000446,0.9670164917541227,5,1,6,deferred_component_cap,validation
ACC-000445,ACC-000446,0.9670164917541227,5,1,6,deferred_component_cap,validation
ACC-000551,ACC-000554,0.9670164917541227,4,2,6,deferred_component_cap,validation
ACC-000552,ACC-000554,0.9670164917541227,4,2,6,deferred_component_cap,validation
ACC-000554,ACC-000556,0.9670164917541227,2,4,6,deferred_component_cap,validation
ACC-000593,ACC-000594,0.9670164917541227,1,1,2,accepted_merge,train
ACC-000655,ACC-000656,0.9670164917541227,1,4,5,accepted_merge,validation
ACC-000655,ACC-000657,0.9670164917541227,5,5,5,accepted_redundant,validation
ACC-000655,ACC-000658,0.9670164917541227,5,5,5,accepted_redundant,validation
ACC-000655,ACC-000659,0.9670164917541227,5,5,5,accepted_redundant,validation
ACC-000759,ACC-000761,0.9670164917541227,1,1,2,accepted_merge,test
ACC-000889,ACC-000891,0.9670164917541227,4,4,4,accepted_redundant,train
ACC-000966,ACC-000969,0.9670164917541227,1,3,4,accepted_merge,validation
ACC-000966,ACC-000970,0.9670164917541227,4,4,4,accepted_redundant,validation
ACC-000966,ACC-000971,0.9670164917541227,4,4,4,accepted_redundant,validation
ACC-000975,ACC-000976,0.9670164917541227,1,2,3,accepted_merge,train
ACC-000975,ACC-000977,0.9670164917541227,3,3,3,accepted_redundant,train
ACC-001026,ACC-001027,0.9670164917541227,1,1,2,accepted_merge,train
ACC-001073,ACC-001076,0.9670164917541227,4,4,4,accepted_redundant,validation
ACC-001084,ACC-001086,0.9670164917541227,2,1,3,accepted_merge,validation
ACC-001085,ACC-001086,0.9670164917541227,3,3,3,accepted_redundant,validation
ACC-001219,ACC-001220,0.9670164917541227,1,1,2,accepted_merge,validation
ACC-001418,ACC-001419,0.9670164917541227,1,1,2,accepted_merge,train
ACC-001422,ACC-001423,0.9670164917541227,3,1,4,accepted_merge,train
ACC-001422,ACC-001426,0.9670164917541227,4,1,5,accepted_merge,train
ACC-001423,ACC-001424,0.9670164917541227,5,5,5,accepted_redundant,train
ACC-001423,ACC-001425,0.9670164917541227,5,5,5,accepted_redundant,train
ACC-001424,ACC-001426,0.9670164917541227,5,5,5,accepted_redundant,train
ACC-001425,ACC-001426,0.9670164917541227,5,5,5,accepted_redundant,train
ACC-000020,ACC-000021,0.9669565217391304,3,3,3,accepted_redundant,validation
ACC-000049,ACC-000050,0.9661835748792268,3,1,4,accepted_merge,validation
ACC-000050,ACC-000051,0.9661835748792268,4,4,4,accepted_redundant,validation
ACC-000050,ACC-000052,0.9661835748792268,4,4,4,accepted_redundant,validation
ACC-000136,ACC-000137,0.9661835748792268,1,2,3,accepted_merge,train
ACC-000136,ACC-000138,0.9661835748792268,3,3,3,accepted_redundant,train
ACC-000236,ACC-000237,0.9661835748792268,4,1,5,accepted_merge,train
ACC-000237,ACC-000238,0.9661835748792268,5,5,5,accepted_redundant,train
ACC-000237,ACC-000239,0.9661835748792268,5,5,5,accepted_redundant,train
ACC-000253,ACC-000254,0.9661835748792268,3,3,3,accepted_redundant,train
ACC-000299,ACC-000300,0.9661835748792268,1,1,2,accepted_merge,train
ACC-000302,ACC-000305,0.9661835748792268,2,1,3,accepted_merge,train
ACC-000304,ACC-000305,0.9661835748792268,3,3,3,accepted_redundant,train
ACC-000692,ACC-000694,0.9661835748792268,1,1,2,accepted_merge,test
ACC-000742,ACC-000744,0.9661835748792268,3,1,4,accepted_merge,test
ACC-000743,ACC-000744,0.9661835748792268,4,4,4,accepted_redundant,test
ACC-000744,ACC-000745,0.9661835748792268,4,4,4,accepted_redundant,test
ACC-000912,ACC-000913,0.9661835748792268,1,1,2,accepted_merge,train
ACC-001101,ACC-001102,0.9661835748792268,1,2,3,accepted_merge,train
ACC-001101,ACC-001104,0.9661835748792268,3,3,3,accepted_redundant,train
ACC-001102,ACC-001103,0.9661835748792268,3,1,4,accepted_merge,train
ACC-001103,ACC-001104,0.9661835748792268,4,4,4,accepted_redundant,train
ACC-001105,ACC-001106,0.9661835748792268,1,1,2,accepted_merge,train
ACC-001150,ACC-001153,0.9661835748792268,1,1,2,accepted_merge,train
ACC-001246,ACC-001248,0.9661835748792268,1,1,2,accepted_merge,train
ACC-001293,ACC-001294,0.9661835748792268,1,4,5,accepted_merge,test
ACC-001293,ACC-001295,0.9661835748792268,5,5,5,accepted_redundant,test
ACC-001293,ACC-001296,0.9661835748792268,5,5,5,accepted_redundant,test
ACC-001293,ACC-001297,0.9661835748792268,5,5,5,accepted_redundant,test
ACC-001337,ACC-001338,0.9661835748792268,2,1,3,accepted_merge,train
ACC-001338,ACC-001339,0.9661835748792268,3,3,3,accepted_redundant,train
ACC-001452,ACC-001454,0.9661835748792268,4,4,4,accepted_redundant,validation
ACC-000076,ACC-000077,0.9652173913043478,3,3,3,accepted_redundant,train
ACC-000375,ACC-000380,0.9652173913043478,1,1,2,accepted_merge,validation
ACC-000430,ACC-000432,0.9652173913043478,1,1,2,accepted_merge,validation
ACC-000468,ACC-000470,0.9652173913043478,1,2,3,accepted_merge,train
ACC-000468,ACC-000471,0.9652173913043478,3,3,3,accepted_redundant,train
ACC-000469,ACC-000470,0.9652173913043478,1,3,4,accepted_merge,train
ACC-000469,ACC-000471,0.9652173913043478,4,4,4,accepted_redundant,train
ACC-000628,ACC-000629,0.9652173913043478,2,1,3,accepted_merge,test
ACC-000629,ACC-000630,0.9652173913043478,3,3,3,accepted_redundant,test
ACC-000676,ACC-000677,0.9652173913043478,1,4,5,accepted_merge,test
ACC-000676,ACC-000678,0.9652173913043478,5,5,5,accepted_redundant,test
ACC-000676,ACC-000679,0.9652173913043478,5,5,5,accepted_redundant,test
ACC-000676,ACC-000681,0.9652173913043478,5,5,5,accepted_redundant,test
ACC-000683,ACC-000684,0.9652173913043478,1,5,6,deferred_component_cap,test
ACC-000683,ACC-000685,0.9652173913043478,1,5,6,deferred_component_cap,test
ACC-000683,ACC-000686,0.9652173913043478,1,5,6,deferred_component_cap,test
ACC-000683,ACC-000687,0.9652173913043478,1,5,6,deferred_component_cap,test
ACC-000683,ACC-000688,0.9652173913043478,1,5,6,deferred_component_cap,test
ACC-000779,ACC-000780,0.9652173913043478,1,1,2,accepted_merge,train
ACC-000821,ACC-000823,0.9652173913043478,3,1,4,accepted_merge,train
ACC-000822,ACC-000823,0.9652173913043478,4,4,4,accepted_redundant,train
ACC-000823,ACC-000824,0.9652173913043478,4,4,4,accepted_redundant,train
ACC-000837,ACC-000838,0.9652173913043478,1,1,2,accepted_merge,train
ACC-000949,ACC-000952,0.9652173913043478,2,1,3,accepted_merge,test
ACC-000951,ACC-000952,0.9652173913043478,3,3,3,accepted_redundant,test
ACC-001048,ACC-001049,0.9652173913043478,3,3,3,accepted_redundant,train
ACC-001112,ACC-001113,0.9652173913043478,1,2,3,accepted_merge,train
ACC-001112,ACC-001114,0.9652173913043478,3,3,3,accepted_redundant,train
ACC-001188,ACC-001191,0.9652173913043478,4,1,5,accepted_merge,validation
ACC-001188,ACC-001193,0.9652173913043478,5,1,6,deferred_component_cap,validation
ACC-001189,ACC-001191,0.9652173913043478,5,5,5,accepted_redundant,validation
ACC-001189,ACC-001193,0.9652173913043478,5,1,6,deferred_component_cap,validation
ACC-001190,ACC-001191,0.9652173913043478,5,5,5,accepted_redundant,validation
ACC-001190,ACC-001193,0.9652173913043478,5,1,6,deferred_component_cap,validation
ACC-001191,ACC-001192,0.9652173913043478,5,5,5,accepted_redundant,validation
ACC-001192,ACC-001193,0.9652173913043478,5,1,6,deferred_component_cap,validation
ACC-000209,ACC-000210,0.9640831758034025,3,1,4,accepted_merge,test
ACC-000210,ACC-000211,0.9640831758034025,4,4,4,accepted_redundant,test
ACC-000210,ACC-000213,0.9640831758034025,4,4,4,accepted_redundant,test
ACC-000274,ACC-000275,0.9640831758034025,1,1,2,accepted_merge,validation
ACC-000288,ACC-000290,0.9640831758034025,1,4,5,accepted_merge,train
ACC-000288,ACC-000292,0.9640831758034025,5,5,5,accepted_redundant,train
ACC-000288,ACC-000293,0.9640831758034025,5,5,5,accepted_redundant,train
ACC-000288,ACC-000295,0.9640831758034025,5,5,5,accepted_redundant,train
ACC-000421,ACC-000422,0.9640831758034025,2,1,3,accepted_merge,validation
ACC-000422,ACC-000423,0.9640831758034025,3,3,3,accepted_redundant,validation
ACC-000553,ACC-000555,0.9585714285714285,4,2,6,deferred_component_cap,validation
ACC-001364,ACC-001370,0.9585714285714285,1,1,2,accepted_merge,test
ACC-000242,ACC-000244,0.9569230769230769,4,4,4,accepted_redundant,train
ACC-000610,ACC-000612,0.9565217391304347,5,5,5,accepted_redundant,train
ACC-000485,ACC-000486,0.955,1,1,2,accepted_merge,train
ACC-000553,ACC-000554,0.9549689440993787,4,2,6,deferred_component_cap,validation
ACC-000858,ACC-000860,0.9549689440993787,1,1,2,accepted_merge,train
ACC-001423,ACC-001426,0.9549689440993787,5,5,5,accepted_redundant,train
ACC-000132,ACC-000134,0.953416149068323,1,1,2,accepted_merge,train
ACC-000235,ACC-000237,0.9531772575250834,5,5,5,accepted_redundant,train
ACC-001057,ACC-001060,0.9531772575250834,3,3,3,accepted_redundant,train
ACC-001101,ACC-001103,0.9531772575250834,4,4,4,accepted_redundant,train
ACC-000468,ACC-000469,0.951086956521739,4,4,4,accepted_redundant,train
ACC-000793,ACC-000796,0.951086956521739,3,3,3,accepted_redundant,train
ACC-001191,ACC-001193,0.951086956521739,5,1,6,deferred_component_cap,validation
ACC-000263,ACC-000264,0.9400000000000001,1,2,3,accepted_merge,test
ACC-000458,ACC-000459,0.9396135265700483,1,1,2,accepted_merge,validation
ACC-000006,ACC-000007,0.9347826086956522,2,1,3,accepted_merge,test
ACC-001056,ACC-001058,0.9347826086956522,2,1,3,accepted_merge,train
ACC-001200,ACC-001201,0.9347826086956522,1,1,2,accepted_merge,validation
ACC-000549,ACC-000550,0.9347826086956521,1,1,2,accepted_merge,validation
ACC-000604,ACC-000605,0.9347826086956521,1,3,4,accepted_merge,train
ACC-000604,ACC-000606,0.9347826086956521,4,4,4,accepted_redundant,train
ACC-000604,ACC-000607,0.9347826086956521,4,4,4,accepted_redundant,train
ACC-000766,ACC-000767,0.9347826086956521,1,1,2,accepted_merge,train
ACC-000812,ACC-000813,0.9347826086956521,1,1,2,accepted_merge,train
ACC-001123,ACC-001125,0.9347826086956521,2,1,3,accepted_merge,train
ACC-001165,ACC-001167,0.9347826086956521,3,1,4,accepted_merge,train
ACC-001166,ACC-001167,0.9347826086956521,4,4,4,accepted_redundant,train
ACC-000349,ACC-000350,0.9291115311909263,2,1,3,accepted_merge,train
ACC-000350,ACC-000351,0.9291115311909263,3,3,3,accepted_redundant,train
ACC-000582,ACC-000583,0.9285714285714285,2,1,3,accepted_merge,train
ACC-000583,ACC-000584,0.9285714285714285,3,3,3,accepted_redundant,train
ACC-000589,ACC-000590,0.9285714285714285,1,1,2,accepted_merge,train
ACC-001386,ACC-001388,0.9244444444444445,2,1,3,accepted_merge,train
ACC-001387,ACC-001388,0.9244444444444445,3,3,3,accepted_redundant,train
ACC-000644,ACC-000645,0.9223602484472048,1,2,3,accepted_merge,train
ACC-000644,ACC-000646,0.9223602484472048,3,3,3,accepted_redundant,train
ACC-001235,ACC-001237,0.9223602484472048,3,1,4,accepted_merge,train
ACC-001236,ACC-001237,0.9223602484472048,4,4,4,accepted_redundant,train
ACC-001237,ACC-001238,0.9223602484472048,4,4,4,accepted_redundant,train
ACC-000151,ACC-000152,0.92,1,1,2,accepted_merge,validation
ACC-000491,ACC-000492,0.92,1,3,4,accepted_merge,train
ACC-000491,ACC-000493,0.92,4,4,4,accepted_redundant,train
ACC-000491,ACC-000494,0.92,4,4,4,accepted_redundant,train
ACC-000104,ACC-000106,0.9184782608695651,4,1,5,accepted_merge,train
ACC-000455,ACC-000456,0.9184782608695651,2,1,3,accepted_merge,train
ACC-000456,ACC-000457,0.9184782608695651,3,3,3,accepted_redundant,train
ACC-000665,ACC-000666,0.9184782608695651,1,1,2,accepted_merge,validation
ACC-001055,ACC-001058,0.9181818181818181,3,3,3,accepted_redundant,train
ACC-000517,ACC-000518,0.9178743961352657,1,1,2,accepted_merge,test
ACC-000864,ACC-000865,0.9178743961352657,1,2,3,accepted_merge,test
ACC-000864,ACC-000866,0.9178743961352657,3,3,3,accepted_redundant,test
ACC-001038,ACC-001040,0.9178743961352657,1,3,4,accepted_merge,test
ACC-001038,ACC-001041,0.9178743961352657,4,4,4,accepted_redundant,test
ACC-001038,ACC-001042,0.9178743961352657,4,4,4,accepted_redundant,test
ACC-000249,ACC-000250,0.9147826086956522,1,2,3,accepted_merge,train
ACC-000249,ACC-000251,0.9147826086956522,3,3,3,accepted_redundant,train
ACC-000353,ACC-000354,0.9147826086956522,3,1,4,accepted_merge,train
ACC-000354,ACC-000355,0.9147826086956522,4,4,4,accepted_redundant,train
ACC-000354,ACC-000356,0.9147826086956522,4,4,4,accepted_redundant,train
ACC-000737,ACC-000738,0.9147826086956522,1,4,5,accepted_merge,test
ACC-000737,ACC-000739,0.9147826086956522,5,5,5,accepted_redundant,test
ACC-000737,ACC-000740,0.9147826086956522,5,5,5,accepted_redundant,test
ACC-000737,ACC-000741,0.9147826086956522,5,5,5,accepted_redundant,test
ACC-000831,ACC-000833,0.9147826086956522,1,1,2,accepted_merge,test
ACC-000205,ACC-000207,0.914187643020595,2,1,3,accepted_merge,test
ACC-000206,ACC-000207,0.914187643020595,3,3,3,accepted_redundant,test
ACC-000230,ACC-000231,0.914187643020595,1,2,3,accepted_merge,train
ACC-000387,ACC-000390,0.914187643020595,3,2,5,accepted_merge,train
ACC-000388,ACC-000390,0.914187643020595,5,5,5,accepted_redundant,train
ACC-000389,ACC-000390,0.914187643020595,5,5,5,accepted_redundant,train
ACC-000106,ACC-000107,0.9130434782608695,5,5,5,accepted_redundant,train
ACC-000106,ACC-000108,0.9130434782608695,5,5,5,accepted_redundant,train
ACC-000106,ACC-000109,0.9130434782608695,5,5,5,accepted_redundant,train
ACC-000650,ACC-000652,0.9130434782608695,1,1,2,accepted_merge,train
ACC-000656,ACC-000660,0.9130434782608695,5,1,6,deferred_component_cap,validation
ACC-000657,ACC-000660,0.9130434782608695,5,1,6,deferred_component_cap,validation
ACC-000658,ACC-000660,0.9130434782608695,5,1,6,deferred_component_cap,validation
ACC-000659,ACC-000660,0.9130434782608695,5,1,6,deferred_component_cap,validation
ACC-000712,ACC-000713,0.9130434782608695,2,1,3,accepted_merge,test
ACC-001124,ACC-001125,0.9130434782608695,3,3,3,accepted_redundant,train
ACC-001167,ACC-001168,0.9130434782608695,4,4,4,accepted_redundant,train
ACC-001261,ACC-001262,0.9130434782608695,2,1,3,accepted_merge,train
ACC-001262,ACC-001263,0.9130434782608695,3,3,3,accepted_redundant,train
ACC-000007,ACC-000009,0.9110671936758892,3,3,3,accepted_redundant,test
ACC-001146,ACC-001147,0.91,2,1,3,accepted_merge,train
ACC-000282,ACC-000283,0.9085714285714285,1,1,2,accepted_merge,train
ACC-000677,ACC-000680,0.9085714285714285,5,1,6,deferred_component_cap,test
ACC-000678,ACC-000680,0.9085714285714285,5,1,6,deferred_component_cap,test
ACC-000679,ACC-000680,0.9085714285714285,5,1,6,deferred_component_cap,test
ACC-000680,ACC-000681,0.9085714285714285,1,5,6,deferred_component_cap,test
ACC-000682,ACC-000684,0.9085714285714285,1,5,6,deferred_component_cap,test
ACC-000682,ACC-000685,0.9085714285714285,1,5,6,deferred_component_cap,test
ACC-000682,ACC-000686,0.9085714285714285,1,5,6,deferred_component_cap,test
ACC-000682,ACC-000687,0.9085714285714285,1,5,6,deferred_component_cap,test
ACC-000682,ACC-000688,0.9085714285714285,1,5,6,deferred_component_cap,test
ACC-001113,ACC-001115,0.9085714285714285,3,1,4,accepted_merge,train
ACC-001114,ACC-001115,0.9085714285714285,4,4,4,accepted_redundant,train
ACC-001255,ACC-001256,0.9085714285714285,3,1,4,accepted_merge,test
ACC-001256,ACC-001257,0.9085714285714285,4,4,4,accepted_redundant,test
ACC-001256,ACC-001258,0.9085714285714285,4,4,4,accepted_redundant,test
ACC-001282,ACC-001285,0.9085714285714285,3,1,4,accepted_merge,test
ACC-001283,ACC-001285,0.9085714285714285,4,4,4,accepted_redundant,test
ACC-001284,ACC-001285,0.9085714285714285,4,4,4,accepted_redundant,test
ACC-000184,ACC-000185,0.9073724007561436,1,1,2,accepted_merge,validation
ACC-000234,ACC-000240,0.9073724007561436,1,2,3,accepted_merge,train
ACC-000234,ACC-000241,0.9073724007561436,3,3,3,accepted_redundant,train
ACC-000302,ACC-000303,0.9073724007561436,3,1,4,accepted_merge,train
ACC-000303,ACC-000304,0.9073724007561436,4,4,4,accepted_redundant,train
ACC-000397,ACC-000398,0.9073724007561436,1,1,2,accepted_merge,train
ACC-000910,ACC-000911,0.9073724007561436,1,1,2,accepted_merge,train
ACC-001008,ACC-001009,0.9073724007561436,1,1,2,accepted_merge,train
ACC-001151,ACC-001152,0.9073724007561436,1,1,2,accepted_merge,train
ACC-001336,ACC-001337,0.9073724007561436,1,3,4,accepted_merge,train
ACC-001336,ACC-001339,0.9073724007561436,4,4,4,accepted_redundant,train
ACC-001274,ACC-001275,0.9030100334448161,1,1,2,accepted_merge,train
ACC-000337,ACC-000338,0.9021739130434782,1,1,2,accepted_merge,train
ACC-001147,ACC-001148,0.9021739130434782,3,3,3,accepted_redundant,train
ACC-000079,ACC-000080,0.9010526315789474,1,1,2,accepted_merge,train
ACC-000280,ACC-000281,0.9006211180124222,1,1,2,accepted_merge,train
ACC-000335,ACC-000336,0.9006211180124222,1,1,2,accepted_merge,train
ACC-000621,ACC-000626,0.9006211180124222,5,1,6,deferred_component_cap,test
ACC-000622,ACC-000626,0.9006211180124222,5,1,6,deferred_component_cap,test
ACC-000623,ACC-000626,0.9006211180124222,5,1,6,deferred_component_cap,test
ACC-000624,ACC-000626,0.9006211180124222,5,1,6,deferred_component_cap,test
ACC-000625,ACC-000626,0.9006211180124222,5,1,6,deferred_component_cap,test
ACC-000746,ACC-000748,0.9006211180124222,4,1,5,accepted_merge,validation
ACC-000747,ACC-000752,0.9006211180124222,1,2,3,accepted_merge,validation
ACC-000747,ACC-000753,0.9006211180124222,3,3,3,accepted_redundant,validation
ACC-000748,ACC-000749,0.9006211180124222,5,5,5,accepted_redundant,validation
ACC-000748,ACC-000750,0.9006211180124222,5,5,5,accepted_redundant,validation
ACC-000748,ACC-000751,0.9006211180124222,5,5,5,accepted_redundant,validation
ACC-000774,ACC-000775,0.9006211180124222,1,3,4,accepted_merge,train
ACC-000774,ACC-000776,0.9006211180124222,4,4,4,accepted_redundant,train
ACC-000779,ACC-000781,0.9006211180124222,2,1,3,accepted_merge,train
ACC-001389,ACC-001390,0.9006211180124222,1,3,4,accepted_merge,test
ACC-001389,ACC-001391,0.9006211180124222,4,4,4,accepted_redundant,test
ACC-001389,ACC-001392,0.9006211180124222,4,4,4,accepted_redundant,test
ACC-000064,ACC-000065,0.8967391304347824,1,1,2,accepted_merge,validation
ACC-000260,ACC-000263,0.8967391304347824,3,3,3,accepted_redundant,test
ACC-000655,ACC-000660,0.8967391304347824,5,1,6,deferred_component_cap,validation
ACC-000711,ACC-000713,0.8967391304347824,3,3,3,accepted_redundant,test
ACC-000022,ACC-000023,0.8924485125858124,1,1,2,accepted_merge,validation
ACC-000033,ACC-000034,0.8924485125858124,1,5,6,deferred_component_cap,train
ACC-000033,ACC-000035,0.8924485125858124,1,5,6,deferred_component_cap,train
ACC-000033,ACC-000036,0.8924485125858124,1,5,6,deferred_component_cap,train
ACC-000033,ACC-000037,0.8924485125858124,1,5,6,deferred_component_cap,train
ACC-000033,ACC-000038,0.8924485125858124,1,5,6,deferred_component_cap,train
ACC-000115,ACC-000116,0.8924485125858124,1,4,5,accepted_merge,train
ACC-000115,ACC-000117,0.8924485125858124,5,5,5,accepted_redundant,train
ACC-000115,ACC-000118,0.8924485125858124,5,5,5,accepted_redundant,train
ACC-000115,ACC-000119,0.8924485125858124,5,5,5,accepted_redundant,train
ACC-000128,ACC-000129,0.8924485125858124,1,2,3,accepted_merge,train
ACC-000128,ACC-000130,0.8924485125858124,3,3,3,accepted_redundant,train
ACC-000157,ACC-000158,0.8924485125858124,1,4,5,accepted_merge,train
ACC-000157,ACC-000159,0.8924485125858124,5,5,5,accepted_redundant,train
ACC-000157,ACC-000160,0.8924485125858124,5,5,5,accepted_redundant,train
ACC-000157,ACC-000161,0.8924485125858124,5,5,5,accepted_redundant,train
ACC-000209,ACC-000212,0.8924485125858124,4,1,5,accepted_merge,test
ACC-000211,ACC-000212,0.8924485125858124,5,5,5,accepted_redundant,test
ACC-000212,ACC-000213,0.8924485125858124,5,5,5,accepted_redundant,test
ACC-000290,ACC-000294,0.8924485125858124,5,1,6,deferred_component_cap,train
ACC-000292,ACC-000294,0.8924485125858124,5,1,6,deferred_component_cap,train
ACC-000293,ACC-000294,0.8924485125858124,5,1,6,deferred_component_cap,train
ACC-000294,ACC-000295,0.8924485125858124,1,5,6,deferred_component_cap,train
ACC-000385,ACC-000387,0.8924485125858124,5,5,5,accepted_redundant,train
ACC-000385,ACC-000388,0.8924485125858124,5,5,5,accepted_redundant,train
ACC-000385,ACC-000389,0.8924485125858124,5,5,5,accepted_redundant,train
ACC-000421,ACC-000424,0.8924485125858124,3,1,4,accepted_merge,validation
ACC-000423,ACC-000424,0.8924485125858124,4,4,4,accepted_redundant,validation
ACC-000229,ACC-000230,0.8913043478260869,3,3,3,accepted_redundant,train
ACC-000303,ACC-000305,0.8893280632411065,4,4,4,accepted_redundant,train
ACC-001336,ACC-001338,0.8893280632411065,4,4,4,accepted_redundant,train
ACC-000073,ACC-000074,0.8804347826086956,1,1,2,accepted_merge,train
ACC-000676,ACC-000680,0.8804347826086956,5,1,6,deferred_component_cap,test
ACC-000682,ACC-000683,0.8804347826086956,1,1,2,accepted_merge,test
ACC-000774,ACC-000777,0.8804347826086956,4,4,4,accepted_redundant,train
ACC-000780,ACC-000781,0.8804347826086956,3,3,3,accepted_redundant,train
ACC-001112,ACC-001115,0.8804347826086956,4,4,4,accepted_redundant,train
ACC-000208,ACC-000214,0.8695652173913042,1,1,2,accepted_merge,test
ACC-000210,ACC-000212,0.8695652173913042,5,5,5,accepted_redundant,test
ACC-000288,ACC-000294,0.8695652173913042,5,1,6,deferred_component_cap,train
ACC-000422,ACC-000424,0.8695652173913042,4,4,4,accepted_redundant,validation
