account_id,predicted_group_id
ACC-000001,PRED-00001
ACC-000002,PRED-00001
ACC-000003,PRED-00002
ACC-000004,PRED-00002
ACC-000005,PRED-00003
ACC-000006,PRED-00004
ACC-000007,PRED-00004
ACC-000008,PRED-00005
ACC-000009,PRED-00004
ACC-000010,PRED-00006
ACC-000011,PRED-00007
ACC-000012,PRED-00008
ACC-000013,PRED-00009
ACC-000014,PRED-00010
ACC-000015,PRED-00011
ACC-000016,PRED-00011
ACC-000017,PRED-00012
ACC-000018,PRED-00013
ACC-000019,PRED-00014
ACC-000020,PRED-00014
ACC-000021,PRED-00014
ACC-000022,PRED-00015
ACC-000023,PRED-00015
ACC-000024,PRED-00016
ACC-000025,PRED-00016
ACC-000026,PRED-00017
ACC-000027,PRED-00018
ACC-000028,PRED-00019
ACC-000029,PRED-00020
ACC-000030,PRED-00021
ACC-000031,PRED-00022
ACC-000032,PRED-00023
ACC-000033,PRED-00024
ACC-000034,PRED-00025
ACC-000035,PRED-00025
ACC-000036,PRED-00025
ACC-000037,PRED-00025
ACC-000038,PRED-00025
ACC-000039,PRED-00026
ACC-000040,PRED-00027
ACC-000041,PRED-00027
ACC-000042,PRED-00028
ACC-000043,PRED-00029
ACC-000044,PRED-00029
ACC-000045,PRED-00029
ACC-000046,PRED-00029
ACC-000047,PRED-00030
ACC-000048,PRED-00030
ACC-000049,PRED-00031
ACC-000050,PRED-00031
ACC-000051,PRED-00031
ACC-000052,PRED-00031
ACC-000053,PRED-00032
ACC-000054,PRED-00033
ACC-000055,PRED-00033
ACC-000056,PRED-00033
ACC-000057,PRED-00034
ACC-000058,PRED-00035
ACC-000059,PRED-00036
ACC-000060,PRED-00036
ACC-000061,PRED-00037
ACC-000062,PRED-00038
ACC-000063,PRED-00038
ACC-000064,PRED-00039
ACC-000065,PRED-00039
ACC-000066,PRED-00040
ACC-000067,PRED-00041
ACC-000068,PRED-00042
ACC-000069,PRED-00043
ACC-000070,PRED-00044
ACC-000071,PRED-00045
ACC-000072,PRED-00045
ACC-000073,PRED-00046
ACC-000074,PRED-00046
ACC-000075,PRED-00047
ACC-000076,PRED-00048
ACC-000077,PRED-00048
ACC-000078,PRED-00048
ACC-000079,PRED-00049
ACC-000080,PRED-00049
ACC-000081,PRED-00050
ACC-000082,PRED-00051
ACC-000083,PRED-00052
ACC-000084,PRED-00053
ACC-000085,PRED-00053
ACC-000086,PRED-00054
ACC-000087,PRED-00055
ACC-000088,PRED-00055
ACC-000089,PRED-00056
ACC-000090,PRED-00056
ACC-000091,PRED-00057
ACC-000092,PRED-00058
ACC-000093,PRED-00058
ACC-000094,PRED-00059
ACC-000095,PRED-00058
ACC-000096,PRED-00058
ACC-000097,PRED-00058
ACC-000098,PRED-00060
ACC-000099,PRED-00061
ACC-000100,PRED-00062
ACC-000101,PRED-00062
ACC-000102,PRED-00062
ACC-000103,PRED-00063
ACC-000104,PRED-00064
ACC-000105,PRED-00065
ACC-000106,PRED-00064
ACC-000107,PRED-00064
ACC-000108,PRED-00064
ACC-000109,PRED-00064
ACC-000110,PRED-00066
ACC-000111,PRED-00066
ACC-000112,PRED-00066
ACC-000113,PRED-00067
ACC-000114,PRED-00068
ACC-000115,PRED-00069
ACC-000116,PRED-00069
ACC-000117,PRED-00069
ACC-000118,PRED-00069
ACC-000119,PRED-00069
ACC-000120,PRED-00070
ACC-000121,PRED-00071
ACC-000122,PRED-00071
ACC-000123,PRED-00072
ACC-000124,PRED-00073
ACC-000125,PRED-00073
ACC-000126,PRED-00074
ACC-000127,PRED-00074
ACC-000128,PRED-00075
ACC-000129,PRED-00075
ACC-000130,PRED-00075
ACC-000131,PRED-00076
ACC-000132,PRED-00077
ACC-000133,PRED-00078
ACC-000134,PRED-00077
ACC-000135,PRED-00079
ACC-000136,PRED-00080
ACC-000137,PRED-00080
ACC-000138,PRED-00080
ACC-000139,PRED-00081
ACC-000140,PRED-00082
ACC-000141,PRED-00083
ACC-000142,PRED-00083
ACC-000143,PRED-00083
ACC-000144,PRED-00084
ACC-000145,PRED-00085
ACC-000146,PRED-00085
ACC-000147,PRED-00086
ACC-000148,PRED-00087
ACC-000149,PRED-00088
ACC-000150,PRED-00089
ACC-000151,PRED-00090
ACC-000152,PRED-00090
ACC-000153,PRED-00091
ACC-000154,PRED-00091
ACC-000155,PRED-00092
ACC-000156,PRED-00093
ACC-000157,PRED-00094
ACC-000158,PRED-00094
ACC-000159,PRED-00094
ACC-000160,PRED-00094
ACC-000161,PRED-00094
ACC-000162,PRED-00095
ACC-000163,PRED-00096
ACC-000164,PRED-00097
ACC-000165,PRED-00097
ACC-000166,PRED-00098
ACC-000167,PRED-00098
ACC-000168,PRED-00098
ACC-000169,PRED-00099
ACC-000170,PRED-00100
ACC-000171,PRED-00101
ACC-000172,PRED-00102
ACC-000173,PRED-00103
ACC-000174,PRED-00103
ACC-000175,PRED-00104
ACC-000176,PRED-00104
ACC-000177,PRED-00105
ACC-000178,PRED-00106
ACC-000179,PRED-00106
ACC-000180,PRED-00107
ACC-000181,PRED-00108
ACC-000182,PRED-00109
ACC-000183,PRED-00110
ACC-000184,PRED-00111
ACC-000185,PRED-00111
ACC-000186,PRED-00112
ACC-000187,PRED-00112
ACC-000188,PRED-00112
ACC-000189,PRED-00112
ACC-000190,PRED-00113
ACC-000191,PRED-00114
ACC-000192,PRED-00115
ACC-000193,PRED-00116
ACC-000194,PRED-00116
ACC-000195,PRED-00116
ACC-000196,PRED-00116
ACC-000197,PRED-00117
ACC-000198,PRED-00117
ACC-000199,PRED-00118
ACC-000200,PRED-00119
ACC-000201,PRED-00118
ACC-000202,PRED-00120
ACC-000203,PRED-00120
ACC-000204,PRED-00120
ACC-000205,PRED-00121
ACC-000206,PRED-00121
ACC-000207,PRED-00121
ACC-000208,PRED-00122
ACC-000209,PRED-00123
ACC-000210,PRED-00123
ACC-000211,PRED-00123
ACC-000212,PRED-00123
ACC-000213,PRED-00123
ACC-000214,PRED-00122
ACC-000215,PRED-00124
ACC-000216,PRED-00124
ACC-000217,PRED-00124
ACC-000218,PRED-00124
ACC-000219,PRED-00125
ACC-000220,PRED-00126
ACC-000221,PRED-00127
ACC-000222,PRED-00128
ACC-000223,PRED-00128
ACC-000224,PRED-00129
ACC-000225,PRED-00129
ACC-000226,PRED-00129
ACC-000227,PRED-00129
ACC-000228,PRED-00130
ACC-000229,PRED-00131
ACC-000230,PRED-00131
ACC-000231,PRED-00131
ACC-000232,PRED-00132
ACC-000233,PRED-00133
ACC-000234,PRED-00134
ACC-000235,PRED-00135
ACC-000236,PRED-00135
ACC-000237,PRED-00135
ACC-000238,PRED-00135
ACC-000239,PRED-00135
ACC-000240,PRED-00134
ACC-000241,PRED-00134
ACC-000242,PRED-00136
ACC-000243,PRED-00136
ACC-000244,PRED-00136
ACC-000245,PRED-00136
ACC-000246,PRED-00137
ACC-000247,PRED-00137
ACC-000248,PRED-00137
ACC-000249,PRED-00138
ACC-000250,PRED-00138
ACC-000251,PRED-00138
ACC-000252,PRED-00139
ACC-000253,PRED-00140
ACC-000254,PRED-00140
ACC-000255,PRED-00140
ACC-000256,PRED-00141
ACC-000257,PRED-00141
ACC-000258,PRED-00141
ACC-000259,PRED-00141
ACC-000260,PRED-00142
ACC-000261,PRED-00143
ACC-000262,PRED-00143
ACC-000263,PRED-00142
ACC-000264,PRED-00142
ACC-000265,PRED-00144
ACC-000266,PRED-00144
ACC-000267,PRED-00144
ACC-000268,PRED-00144
ACC-000269,PRED-00144
ACC-000270,PRED-00145
ACC-000271,PRED-00146
ACC-000272,PRED-00146
ACC-000273,PRED-00147
ACC-000274,PRED-00148
ACC-000275,PRED-00148
ACC-000276,PRED-00149
ACC-000277,PRED-00150
ACC-000278,PRED-00150
ACC-000279,PRED-00150
ACC-000280,PRED-00151
ACC-000281,PRED-00151
ACC-000282,PRED-00152
ACC-000283,PRED-00152
ACC-000284,PRED-00153
ACC-000285,PRED-00154
ACC-000286,PRED-00154
ACC-000287,PRED-00155
ACC-000288,PRED-00156
ACC-000289,PRED-00157
ACC-000290,PRED-00156
ACC-000291,PRED-00158
ACC-000292,PRED-00156
ACC-000293,PRED-00156
ACC-000294,PRED-00159
ACC-000295,PRED-00156
ACC-000296,PRED-00160
ACC-000297,PRED-00161
ACC-000298,PRED-00161
ACC-000299,PRED-00162
ACC-000300,PRED-00162
ACC-000301,PRED-00163
ACC-000302,PRED-00164
ACC-000303,PRED-00164
ACC-000304,PRED-00164
ACC-000305,PRED-00164
ACC-000306,PRED-00165
ACC-000307,PRED-00166
ACC-000308,PRED-00167
ACC-000309,PRED-00168
ACC-000310,PRED-00168
ACC-000311,PRED-00169
ACC-000312,PRED-00169
ACC-000313,PRED-00169
ACC-000314,PRED-00169
ACC-000315,PRED-00170
ACC-000316,PRED-00170
ACC-000317,PRED-00171
ACC-000318,PRED-00171
ACC-000319,PRED-00171
ACC-000320,PRED-00172
ACC-000321,PRED-00173
ACC-000322,PRED-00173
ACC-000323,PRED-00173
ACC-000324,PRED-00174
ACC-000325,PRED-00175
ACC-000326,PRED-00176
ACC-000327,PRED-00176
ACC-000328,PRED-00177
ACC-000329,PRED-00177
ACC-000330,PRED-00177
ACC-000331,PRED-00178
ACC-000332,PRED-00178
ACC-000333,PRED-00179
ACC-000334,PRED-00180
ACC-000335,PRED-00181
ACC-000336,PRED-00181
ACC-000337,PRED-00182
ACC-000338,PRED-00182
ACC-000339,PRED-00183
ACC-000340,PRED-00183
ACC-000341,PRED-00184
ACC-000342,PRED-00185
ACC-000343,PRED-00186
ACC-000344,PRED-00187
ACC-000345,PRED-00188
ACC-000346,PRED-00189
ACC-000347,PRED-00190
ACC-000348,PRED-00190
ACC-000349,PRED-00191
ACC-000350,PRED-00191
ACC-000351,PRED-00191
ACC-000352,PRED-00192
ACC-000353,PRED-00193
ACC-000354,PRED-00193
ACC-000355,PRED-00193
ACC-000356,PRED-00193
ACC-000357,PRED-00194
ACC-000358,PRED-00194
ACC-000359,PRED-00194
ACC-000360,PRED-00195
ACC-000361,PRED-00196
ACC-000362,PRED-00196
ACC-000363,PRED-00197
ACC-000364,PRED-00197
ACC-000365,PRED-00197
ACC-000366,PRED-00198
ACC-000367,PRED-00199
ACC-000368,PRED-00200
ACC-000369,PRED-00201
ACC-000370,PRED-00202
ACC-000371,PRED-00203
ACC-000372,PRED-00204
ACC-000373,PRED-00205
ACC-000374,PRED-00206
ACC-000375,PRED-00207
ACC-000376,PRED-00206
ACC-000377,PRED-00206
ACC-000378,PRED-00206
ACC-000379,PRED-00206
ACC-000380,PRED-00207
ACC-000381,PRED-00208
ACC-000382,PRED-00209
ACC-000383,PRED-00209
ACC-000384,PRED-00210
ACC-000385,PRED-00211
ACC-000386,PRED-00210
ACC-000387,PRED-00211
ACC-000388,PRED-00211
ACC-000389,PRED-00211
ACC-000390,PRED-00211
ACC-000391,PRED-00212
ACC-000392,PRED-00212
ACC-000393,PRED-00212
ACC-000394,PRED-00213
ACC-000395,PRED-00213
ACC-000396,PRED-00213
ACC-000397,PRED-00214
ACC-000398,PRED-00214
ACC-000399,PRED-00215
ACC-000400,PRED-00216
ACC-000401,PRED-00217
ACC-000402,PRED-00218
ACC-000403,PRED-00218
ACC-000404,PRED-00219
ACC-000405,PRED-00220
ACC-000406,PRED-00220
ACC-000407,PRED-00221
ACC-000408,PRED-00221
ACC-000409,PRED-00221
ACC-000410,PRED-00221
ACC-000411,PRED-00222
ACC-000412,PRED-00223
ACC-000413,PRED-00224
ACC-000414,PRED-00224
ACC-000415,PRED-00225
ACC-000416,PRED-00225
ACC-000417,PRED-00225
ACC-000418,PRED-00226
ACC-000419,PRED-00227
ACC-000420,PRED-00227
ACC-000421,PRED-00228
ACC-000422,PRED-00228
ACC-000423,PRED-00228
ACC-000424,PRED-00228
ACC-000425,PRED-00229
ACC-000426,PRED-00230
ACC-000427,PRED-00230
ACC-000428,PRED-00230
ACC-000429,PRED-00231
ACC-000430,PRED-00232
ACC-000431,PRED-00233
ACC-000432,PRED-00232
ACC-000433,PRED-00234
ACC-000434,PRED-00235
ACC-000435,PRED-00235
ACC-000436,PRED-00236
ACC-000437,PRED-00237
ACC-000438,PRED-00238
ACC-000439,PRED-00238
ACC-000440,PRED-00239
ACC-000441,PRED-00240
ACC-000442,PRED-00240
ACC-000443,PRED-00240
ACC-000444,PRED-00240
ACC-000445,PRED-00240
ACC-000446,PRED-00241
ACC-000447,PRED-00242
ACC-000448,PRED-00243
ACC-000449,PRED-00244
ACC-000450,PRED-00244
ACC-000451,PRED-00244
ACC-000452,PRED-00244
ACC-000453,PRED-00245
ACC-000454,PRED-00246
ACC-000455,PRED-00247
ACC-000456,PRED-00247
ACC-000457,PRED-00247
ACC-000458,PRED-00248
ACC-000459,PRED-00248
ACC-000460,PRED-00249
ACC-000461,PRED-00250
ACC-000462,PRED-00250
ACC-000463,PRED-00250
ACC-000464,PRED-00250
ACC-000465,PRED-00251
ACC-000466,PRED-00252
ACC-000467,PRED-00253
ACC-000468,PRED-00254
ACC-000469,PRED-00254
ACC-000470,PRED-00254
ACC-000471,PRED-00254
ACC-000472,PRED-00255
ACC-000473,PRED-00256
ACC-000474,PRED-00256
ACC-000475,PRED-00256
ACC-000476,PRED-00256
ACC-000477,PRED-00257
ACC-000478,PRED-00258
ACC-000479,PRED-00257
ACC-000480,PRED-00259
ACC-000481,PRED-00260
ACC-000482,PRED-00261
ACC-000483,PRED-00260
ACC-000484,PRED-00262
ACC-000485,PRED-00263
ACC-000486,PRED-00263
ACC-000487,PRED-00264
ACC-000488,PRED-00264
ACC-000489,PRED-00265
ACC-000490,PRED-00265
ACC-000491,PRED-00266
ACC-000492,PRED-00266
ACC-000493,PRED-00266
ACC-000494,PRED-00266
ACC-000495,PRED-00267
ACC-000496,PRED-00267
ACC-000497,PRED-00267
ACC-000498,PRED-00267
ACC-000499,PRED-00268
ACC-000500,PRED-00269
ACC-000501,PRED-00270
ACC-000502,PRED-00270
ACC-000503,PRED-00270
ACC-000504,PRED-00271
ACC-000505,PRED-00272
ACC-000506,PRED-00271
ACC-000507,PRED-00271
ACC-000508,PRED-00271
ACC-000509,PRED-00271
ACC-000510,PRED-00272
ACC-000511,PRED-00273
ACC-000512,PRED-00273
ACC-000513,PRED-00273
ACC-000514,PRED-00274
ACC-000515,PRED-00274
ACC-000516,PRED-00275
ACC-000517,PRED-00276
ACC-000518,PRED-00276
ACC-000519,PRED-00277
ACC-000520,PRED-00277
ACC-000521,PRED-00278
ACC-000522,PRED-00278
ACC-000523,PRED-00279
ACC-000524,PRED-00279
ACC-000525,PRED-00280
ACC-000526,PRED-00281
ACC-000527,PRED-00282
ACC-000528,PRED-00283
ACC-000529,PRED-00284
ACC-000530,PRED-00285
ACC-000531,PRED-00285
ACC-000532,PRED-00286
ACC-000533,PRED-00287
ACC-000534,PRED-00288
ACC-000535,PRED-00288
ACC-000536,PRED-00288
ACC-000537,PRED-00289
ACC-000538,PRED-00290
ACC-000539,PRED-00290
ACC-000540,PRED-00291
ACC-000541,PRED-00292
ACC-000542,PRED-00293
ACC-000543,PRED-00293
ACC-000544,PRED-00294
ACC-000545,PRED-00295
ACC-000546,PRED-00295
ACC-000547,PRED-00295
ACC-000548,PRED-00295
ACC-000549,PRED-00296
ACC-000550,PRED-00296
ACC-000551,PRED-00297
ACC-000552,PRED-00297
ACC-000553,PRED-00297
ACC-000554,PRED-00298
ACC-000555,PRED-00298
ACC-000556,PRED-00297
ACC-000557,PRED-00299
ACC-000558,PRED-00299
ACC-000559,PRED-00300
ACC-000560,PRED-00300
ACC-000561,PRED-00300
ACC-000562,PRED-00301
ACC-000563,PRED-00302
ACC-000564,PRED-00302
ACC-000565,PRED-00303
ACC-000566,PRED-00304
ACC-000567,PRED-00305
ACC-000568,PRED-00305
ACC-000569,PRED-00305
ACC-000570,PRED-00306
ACC-000571,PRED-00307
ACC-000572,PRED-00308
ACC-000573,PRED-00308
ACC-000574,PRED-00308
ACC-000575,PRED-00309
ACC-000576,PRED-00310
ACC-000577,PRED-00310
ACC-000578,PRED-00311
ACC-000579,PRED-00312
ACC-000580,PRED-00313
ACC-000581,PRED-00314
ACC-000582,PRED-00315
ACC-000583,PRED-00315
ACC-000584,PRED-00315
ACC-000585,PRED-00316
ACC-000586,PRED-00316
ACC-000587,PRED-00316
ACC-000588,PRED-00317
ACC-000589,PRED-00318
ACC-000590,PRED-00318
ACC-000591,PRED-00319
ACC-000592,PRED-00319
ACC-000593,PRED-00320
ACC-000594,PRED-00320
ACC-000595,PRED-00321
ACC-000596,PRED-00321
ACC-000597,PRED-00321
ACC-000598,PRED-00321
ACC-000599,PRED-00322
ACC-000600,PRED-00323
ACC-000601,PRED-00323
ACC-000602,PRED-00323
ACC-000603,PRED-00324
ACC-000604,PRED-00325
ACC-000605,PRED-00325
ACC-000606,PRED-00325
ACC-000607,PRED-00325
ACC-000608,PRED-00326
ACC-000609,PRED-00326
ACC-000610,PRED-00327
ACC-000611,PRED-00327
ACC-000612,PRED-00327
ACC-000613,PRED-00327
ACC-000614,PRED-00327
ACC-000615,PRED-00328
ACC-000616,PRED-00329
ACC-000617,PRED-00329
ACC-000618,PRED-00329
ACC-000619,PRED-00329
ACC-000620,PRED-00330
ACC-000621,PRED-00331
ACC-000622,PRED-00331
ACC-000623,PRED-00331
ACC-000624,PRED-00331
ACC-000625,PRED-00331
ACC-000626,PRED-00332
ACC-000627,PRED-00333
ACC-000628,PRED-00334
ACC-000629,PRED-00334
ACC-000630,PRED-00334
ACC-000631,PRED-00335
ACC-000632,PRED-00336
ACC-000633,PRED-00337
ACC-000634,PRED-00338
ACC-000635,PRED-00339
ACC-000636,PRED-00340
ACC-000637,PRED-00340
ACC-000638,PRED-00341
ACC-000639,PRED-00341
ACC-000640,PRED-00342
ACC-000641,PRED-00342
ACC-000642,PRED-00342
ACC-000643,PRED-00342
ACC-000644,PRED-00343
ACC-000645,PRED-00343
ACC-000646,PRED-00343
ACC-000647,PRED-00344
ACC-000648,PRED-00344
ACC-000649,PRED-00344
ACC-000650,PRED-00345
ACC-000651,PRED-00346
ACC-000652,PRED-00345
ACC-000653,PRED-00347
ACC-000654,PRED-00347
ACC-000655,PRED-00348
ACC-000656,PRED-00348
ACC-000657,PRED-00348
ACC-000658,PRED-00348
ACC-000659,PRED-00348
ACC-000660,PRED-00349
ACC-000661,PRED-00350
ACC-000662,PRED-00350
ACC-000663,PRED-00350
ACC-000664,PRED-00351
ACC-000665,PRED-00352
ACC-000666,PRED-00352
ACC-000667,PRED-00353
ACC-000668,PRED-00353
ACC-000669,PRED-00354
ACC-000670,PRED-00354
ACC-000671,PRED-00355
ACC-000672,PRED-00356
ACC-000673,PRED-00357
ACC-000674,PRED-00358
ACC-000675,PRED-00358
ACC-000676,PRED-00359
ACC-000677,PRED-00359
ACC-000678,PRED-00359
ACC-000679,PRED-00359
ACC-000680,PRED-00360
ACC-000681,PRED-00359
ACC-000682,PRED-00361
ACC-000683,PRED-00361
ACC-000684,PRED-00362
ACC-000685,PRED-00362
ACC-000686,PRED-00362
ACC-000687,PRED-00362
ACC-000688,PRED-00362
ACC-000689,PRED-00363
ACC-000690,PRED-00364
ACC-000691,PRED-00364
ACC-000692,PRED-00365
ACC-000693,PRED-00366
ACC-000694,PRED-00365
ACC-000695,PRED-00367
ACC-000696,PRED-00368
ACC-000697,PRED-00369
ACC-000698,PRED-00370
ACC-000699,PRED-00371
ACC-000700,PRED-00372
ACC-000701,PRED-00373
ACC-000702,PRED-00373
ACC-000703,PRED-00373
ACC-000704,PRED-00374
ACC-000705,PRED-00374
ACC-000706,PRED-00375
ACC-000707,PRED-00375
ACC-000708,PRED-00375
ACC-000709,PRED-00375
ACC-000710,PRED-00376
ACC-000711,PRED-00377
ACC-000712,PRED-00377
ACC-000713,PRED-00377
ACC-000714,PRED-00378
ACC-000715,PRED-00379
ACC-000716,PRED-00380
ACC-000717,PRED-00380
ACC-000718,PRED-00380
ACC-000719,PRED-00381
ACC-000720,PRED-00382
ACC-000721,PRED-00382
ACC-000722,PRED-00383
ACC-000723,PRED-00382
ACC-000724,PRED-00382
ACC-000725,PRED-00382
ACC-000726,PRED-00384
ACC-000727,PRED-00384
ACC-000728,PRED-00385
ACC-000729,PRED-00386
ACC-000730,PRED-00387
ACC-000731,PRED-00387
ACC-000732,PRED-00387
ACC-000733,PRED-00387
ACC-000734,PRED-00388
ACC-000735,PRED-00388
ACC-000736,PRED-00388
ACC-000737,PRED-00389
ACC-000738,PRED-00389
ACC-000739,PRED-00389
ACC-000740,PRED-00389
ACC-000741,PRED-00389
ACC-000742,PRED-00390
ACC-000743,PRED-00390
ACC-000744,PRED-00390
ACC-000745,PRED-00390
ACC-000746,PRED-00391
ACC-000747,PRED-00392
ACC-000748,PRED-00391
ACC-000749,PRED-00391
ACC-000750,PRED-00391
ACC-000751,PRED-00391
ACC-000752,PRED-00392
ACC-000753,PRED-00392
ACC-000754,PRED-00393
ACC-000755,PRED-00393
ACC-000756,PRED-00394
ACC-000757,PRED-00395
ACC-000758,PRED-00396
ACC-000759,PRED-00397
ACC-000760,PRED-00398
ACC-000761,PRED-00397
ACC-000762,PRED-00399
ACC-000763,PRED-00399
ACC-000764,PRED-00400
ACC-000765,PRED-00401
ACC-000766,PRED-00402
ACC-000767,PRED-00402
ACC-000768,PRED-00403
ACC-000769,PRED-00404
ACC-000770,PRED-00405
ACC-000771,PRED-00406
ACC-000772,PRED-00407
ACC-000773,PRED-00408
ACC-000774,PRED-00409
ACC-000775,PRED-00409
ACC-000776,PRED-00409
ACC-000777,PRED-00409
ACC-000778,PRED-00410
ACC-000779,PRED-00411
ACC-000780,PRED-00411
ACC-000781,PRED-00411
ACC-000782,PRED-00412
ACC-000783,PRED-00412
ACC-000784,PRED-00412
ACC-000785,PRED-00413
ACC-000786,PRED-00414
ACC-000787,PRED-00414
ACC-000788,PRED-00415
ACC-000789,PRED-00415
ACC-000790,PRED-00416
ACC-000791,PRED-00417
ACC-000792,PRED-00417
ACC-000793,PRED-00418
ACC-000794,PRED-00419
ACC-000795,PRED-00418
ACC-000796,PRED-00418
ACC-000797,PRED-00420
ACC-000798,PRED-00421
ACC-000799,PRED-00422
ACC-000800,PRED-00422
ACC-000801,PRED-00423
ACC-000802,PRED-00424
ACC-000803,PRED-00424
ACC-000804,PRED-00425
ACC-000805,PRED-00425
ACC-000806,PRED-00426
ACC-000807,PRED-00425
ACC-000808,PRED-00427
ACC-000809,PRED-00427
ACC-000810,PRED-00428
ACC-000811,PRED-00429
ACC-000812,PRED-00430
ACC-000813,PRED-00430
ACC-000814,PRED-00431
ACC-000815,PRED-00432
ACC-000816,PRED-00433
ACC-000817,PRED-00433
ACC-000818,PRED-00433
ACC-000819,PRED-00434
ACC-000820,PRED-00435
ACC-000821,PRED-00436
ACC-000822,PRED-00436
ACC-000823,PRED-00436
ACC-000824,PRED-00436
ACC-000825,PRED-00437
ACC-000826,PRED-00438
ACC-000827,PRED-00437
ACC-000828,PRED-00439
ACC-000829,PRED-00440
ACC-000830,PRED-00440
ACC-000831,PRED-00441
ACC-000832,PRED-00442
ACC-000833,PRED-00441
ACC-000834,PRED-00443
ACC-000835,PRED-00444
ACC-000836,PRED-00444
ACC-000837,PRED-00445
ACC-000838,PRED-00445
ACC-000839,PRED-00446
ACC-000840,PRED-00446
ACC-000841,PRED-00447
ACC-000842,PRED-00447
ACC-000843,PRED-00447
ACC-000844,PRED-00447
ACC-000845,PRED-00447
ACC-000846,PRED-00448
ACC-000847,PRED-00449
ACC-000848,PRED-00449
ACC-000849,PRED-00449
ACC-000850,PRED-00450
ACC-000851,PRED-00451
ACC-000852,PRED-00451
ACC-000853,PRED-00451
ACC-000854,PRED-00452
ACC-000855,PRED-00452
ACC-000856,PRED-00452
ACC-000857,PRED-00453
ACC-000858,PRED-00454
ACC-000859,PRED-00455
ACC-000860,PRED-00454
ACC-000861,PRED-00456
ACC-000862,PRED-00457
ACC-000863,PRED-00458
ACC-000864,PRED-00459
ACC-000865,PRED-00459
ACC-000866,PRED-00459
ACC-000867,PRED-00460
ACC-000868,PRED-00461
ACC-000869,PRED-00462
ACC-000870,PRED-00463
ACC-000871,PRED-00464
ACC-000872,PRED-00465
ACC-000873,PRED-00465
ACC-000874,PRED-00465
ACC-000875,PRED-00466
ACC-000876,PRED-00466
ACC-000877,PRED-00467
ACC-000878,PRED-00468
ACC-000879,PRED-00469
ACC-000880,PRED-00469
ACC-000881,PRED-00470
ACC-000882,PRED-00471
ACC-000883,PRED-00472
ACC-000884,PRED-00472
ACC-000885,PRED-00472
ACC-000886,PRED-00473
ACC-000887,PRED-00473
ACC-000888,PRED-00474
ACC-000889,PRED-00474
ACC-000890,PRED-00474
ACC-000891,PRED-00474
ACC-000892,PRED-00475
ACC-000893,PRED-00476
ACC-000894,PRED-00477
ACC-000895,PRED-00478
ACC-000896,PRED-00479
ACC-000897,PRED-00480
ACC-000898,PRED-00481
ACC-000899,PRED-00482
ACC-000900,PRED-00483
ACC-000901,PRED-00484
ACC-000902,PRED-00485
ACC-000903,PRED-00486
ACC-000904,PRED-00486
ACC-000905,PRED-00487
ACC-000906,PRED-00488
ACC-000907,PRED-00489
ACC-000908,PRED-00489
ACC-000909,PRED-00490
ACC-000910,PRED-00491
ACC-000911,PRED-00491
ACC-000912,PRED-00492
ACC-000913,PRED-00492
ACC-000914,PRED-00493
ACC-000915,PRED-00494
ACC-000916,PRED-00494
ACC-000917,PRED-00495
ACC-000918,PRED-00496
ACC-000919,PRED-00497
ACC-000920,PRED-00498
ACC-000921,PRED-00499
ACC-000922,PRED-00499
ACC-000923,PRED-00499
ACC-000924,PRED-00499
ACC-000925,PRED-00500
ACC-000926,PRED-00501
ACC-000927,PRED-00502
ACC-000928,PRED-00502
ACC-000929,PRED-00502
ACC-000930,PRED-00502
ACC-000931,PRED-00503
ACC-000932,PRED-00503
ACC-000933,PRED-00503
ACC-000934,PRED-00504
ACC-000935,PRED-00505
ACC-000936,PRED-00505
ACC-000937,PRED-00505
ACC-000938,PRED-00506
ACC-000939,PRED-00507
ACC-000940,PRED-00508
ACC-000941,PRED-00509
ACC-000942,PRED-00510
ACC-000943,PRED-00510
ACC-000944,PRED-00510
ACC-000945,PRED-00510
ACC-000946,PRED-00511
ACC-000947,PRED-00511
ACC-000948,PRED-00512
ACC-000949,PRED-00513
ACC-000950,PRED-00512
ACC-000951,PRED-00513
ACC-000952,PRED-00513
ACC-000953,PRED-00514
ACC-000954,PRED-00514
ACC-000955,PRED-00515
ACC-000956,PRED-00516
ACC-000957,PRED-00516
ACC-000958,PRED-00517
ACC-000959,PRED-00518
ACC-000960,PRED-00519
ACC-000961,PRED-00519
ACC-000962,PRED-00520
ACC-000963,PRED-00520
ACC-000964,PRED-00520
ACC-000965,PRED-00521
ACC-000966,PRED-00522
ACC-000967,PRED-00523
ACC-000968,PRED-00523
ACC-000969,PRED-00522
ACC-000970,PRED-00522
ACC-000971,PRED-00522
ACC-000972,PRED-00524
ACC-000973,PRED-00524
ACC-000974,PRED-00525
ACC-000975,PRED-00526
ACC-000976,PRED-00526
ACC-000977,PRED-00526
ACC-000978,PRED-00527
ACC-000979,PRED-00527
ACC-000980,PRED-00528
ACC-000981,PRED-00529
ACC-000982,PRED-00529
ACC-000983,PRED-00529
ACC-000984,PRED-00530
ACC-000985,PRED-00531
ACC-000986,PRED-00531
ACC-000987,PRED-00531
ACC-000988,PRED-00531
ACC-000989,PRED-00531
ACC-000990,PRED-00532
ACC-000991,PRED-00533
ACC-000992,PRED-00533
ACC-000993,PRED-00534
ACC-000994,PRED-00535
ACC-000995,PRED-00535
ACC-000996,PRED-00535
ACC-000997,PRED-00535
ACC-000998,PRED-00536
ACC-000999,PRED-00536
ACC-001000,PRED-00537
ACC-001001,PRED-00538
ACC-001002,PRED-00538
ACC-001003,PRED-00538
ACC-001004,PRED-00539
ACC-001005,PRED-00539
ACC-001006,PRED-00540
ACC-001007,PRED-00540
ACC-001008,PRED-00541
ACC-001009,PRED-00541
ACC-001010,PRED-00542
ACC-001011,PRED-00543
ACC-001012,PRED-00544
ACC-001013,PRED-00545
ACC-001014,PRED-00545
ACC-001015,PRED-00545
ACC-001016,PRED-00545
ACC-001017,PRED-00546
ACC-001018,PRED-00547
ACC-001019,PRED-00548
ACC-001020,PRED-00549
ACC-001021,PRED-00549
ACC-001022,PRED-00550
ACC-001023,PRED-00550
ACC-001024,PRED-00550
ACC-001025,PRED-00550
ACC-001026,PRED-00551
ACC-001027,PRED-00551
ACC-001028,PRED-00552
ACC-001029,PRED-00553
ACC-001030,PRED-00553
ACC-001031,PRED-00554
ACC-001032,PRED-00554
ACC-001033,PRED-00554
ACC-001034,PRED-00555
ACC-001035,PRED-00556
ACC-001036,PRED-00555
ACC-001037,PRED-00555
ACC-001038,PRED-00557
ACC-001039,PRED-00558
ACC-001040,PRED-00557
ACC-001041,PRED-00557
ACC-001042,PRED-00557
ACC-001043,PRED-00559
ACC-001044,PRED-00559
ACC-001045,PRED-00560
ACC-001046,PRED-00560
ACC-001047,PRED-00561
ACC-001048,PRED-00561
ACC-001049,PRED-00561
ACC-001050,PRED-00562
ACC-001051,PRED-00562
ACC-001052,PRED-00563
ACC-001053,PRED-00563
ACC-001054,PRED-00563
ACC-001055,PRED-00564
ACC-001056,PRED-00564
ACC-001057,PRED-00565
ACC-001058,PRED-00564
ACC-001059,PRED-00565
ACC-001060,PRED-00565
ACC-001061,PRED-00566
ACC-001062,PRED-00567
ACC-001063,PRED-00568
ACC-001064,PRED-00569
ACC-001065,PRED-00570
ACC-001066,PRED-00571
ACC-001067,PRED-00571
ACC-001068,PRED-00572
ACC-001069,PRED-00572
ACC-001070,PRED-00572
ACC-001071,PRED-00572
ACC-001072,PRED-00573
ACC-001073,PRED-00574
ACC-001074,PRED-00574
ACC-001075,PRED-00574
ACC-001076,PRED-00574
ACC-001077,PRED-00575
ACC-001078,PRED-00575
ACC-001079,PRED-00576
ACC-001080,PRED-00577
ACC-001081,PRED-00578
ACC-001082,PRED-00578
ACC-001083,PRED-00579
ACC-001084,PRED-00580
ACC-001085,PRED-00580
ACC-001086,PRED-00580
ACC-001087,PRED-00581
ACC-001088,PRED-00581
ACC-001089,PRED-00582
ACC-001090,PRED-00583
ACC-001091,PRED-00583
ACC-001092,PRED-00584
ACC-001093,PRED-00584
ACC-001094,PRED-00585
ACC-001095,PRED-00586
ACC-001096,PRED-00586
ACC-001097,PRED-00587
ACC-001098,PRED-00588
ACC-001099,PRED-00589
ACC-001100,PRED-00590
ACC-001101,PRED-00591
ACC-001102,PRED-00591
ACC-001103,PRED-00591
ACC-001104,PRED-00591
ACC-001105,PRED-00592
ACC-001106,PRED-00592
ACC-001107,PRED-00593
ACC-001108,PRED-00594
ACC-001109,PRED-00594
ACC-001110,PRED-00594
ACC-001111,PRED-00595
ACC-001112,PRED-00596
ACC-001113,PRED-00596
ACC-001114,PRED-00596
ACC-001115,PRED-00596
ACC-001116,PRED-00597
ACC-001117,PRED-00598
ACC-001118,PRED-00597
ACC-001119,PRED-00597
ACC-001120,PRED-00599
ACC-001121,PRED-00600
ACC-001122,PRED-00601
ACC-001123,PRED-00602
ACC-001124,PRED-00602
ACC-001125,PRED-00602
ACC-001126,PRED-00603
ACC-001127,PRED-00604
ACC-001128,PRED-00604
ACC-001129,PRED-00605
ACC-001130,PRED-00606
ACC-001131,PRED-00606
ACC-001132,PRED-00607
ACC-001133,PRED-00607
ACC-001134,PRED-00608
ACC-001135,PRED-00608
ACC-001136,PRED-00609
ACC-001137,PRED-00610
ACC-001138,PRED-00611
ACC-001139,PRED-00611
ACC-001140,PRED-00611
ACC-001141,PRED-00611
ACC-001142,PRED-00612
ACC-001143,PRED-00612
ACC-001144,PRED-00613
ACC-001145,PRED-00613
ACC-001146,PRED-00614
ACC-001147,PRED-00614
ACC-001148,PRED-00614
ACC-001149,PRED-00615
ACC-001150,PRED-00616
ACC-001151,PRED-00617
ACC-001152,PRED-00617
ACC-001153,PRED-00616
ACC-001154,PRED-00618
ACC-001155,PRED-00618
ACC-001156,PRED-00619
ACC-001157,PRED-00619
ACC-001158,PRED-00620
ACC-001159,PRED-00621
ACC-001160,PRED-00622
ACC-001161,PRED-00623
ACC-001162,PRED-00623
ACC-001163,PRED-00623
ACC-001164,PRED-00624
ACC-001165,PRED-00625
ACC-001166,PRED-00625
ACC-001167,PRED-00625
ACC-001168,PRED-00625
ACC-001169,PRED-00626
ACC-001170,PRED-00626
ACC-001171,PRED-00626
ACC-001172,PRED-00627
ACC-001173,PRED-00628
ACC-001174,PRED-00629
ACC-001175,PRED-00630
ACC-001176,PRED-00631
ACC-001177,PRED-00631
ACC-001178,PRED-00631
ACC-001179,PRED-00632
ACC-001180,PRED-00633
ACC-001181,PRED-00633
ACC-001182,PRED-00633
ACC-001183,PRED-00634
ACC-001184,PRED-00634
ACC-001185,PRED-00634
ACC-001186,PRED-00634
ACC-001187,PRED-00635
ACC-001188,PRED-00636
ACC-001189,PRED-00636
ACC-001190,PRED-00636
ACC-001191,PRED-00636
ACC-001192,PRED-00636
ACC-001193,PRED-00637
ACC-001194,PRED-00638
ACC-001195,PRED-00639
ACC-001196,PRED-00640
ACC-001197,PRED-00641
ACC-001198,PRED-00642
ACC-001199,PRED-00643
ACC-001200,PRED-00644
ACC-001201,PRED-00644
ACC-001202,PRED-00645
ACC-001203,PRED-00645
ACC-001204,PRED-00646
ACC-001205,PRED-00646
ACC-001206,PRED-00647
ACC-001207,PRED-00647
ACC-001208,PRED-00647
ACC-001209,PRED-00648
ACC-001210,PRED-00649
ACC-001211,PRED-00650
ACC-001212,PRED-00650
ACC-001213,PRED-00651
ACC-001214,PRED-00652
ACC-001215,PRED-00652
ACC-001216,PRED-00653
ACC-001217,PRED-00653
ACC-001218,PRED-00654
ACC-001219,PRED-00655
ACC-001220,PRED-00655
ACC-001221,PRED-00656
ACC-001222,PRED-00657
ACC-001223,PRED-00658
ACC-001224,PRED-00657
ACC-001225,PRED-00657
ACC-001226,PRED-00659
ACC-001227,PRED-00660
ACC-001228,PRED-00661
ACC-001229,PRED-00660
ACC-001230,PRED-00660
ACC-001231,PRED-00662
ACC-001232,PRED-00663
ACC-001233,PRED-00663
ACC-001234,PRED-00663
ACC-001235,PRED-00664
ACC-001236,PRED-00664
ACC-001237,PRED-00664
ACC-001238,PRED-00664
ACC-001239,PRED-00665
ACC-001240,PRED-00666
ACC-001241,PRED-00666
ACC-001242,PRED-00667
ACC-001243,PRED-00667
ACC-001244,PRED-00667
ACC-001245,PRED-00668
ACC-001246,PRED-00669
ACC-001247,PRED-00670
ACC-001248,PRED-00669
ACC-001249,PRED-00671
ACC-001250,PRED-00672
ACC-001251,PRED-00673
ACC-001252,PRED-00673
ACC-001253,PRED-00673
ACC-001254,PRED-00673
ACC-001255,PRED-00674
ACC-001256,PRED-00674
ACC-001257,PRED-00674
ACC-001258,PRED-00674
ACC-001259,PRED-00675
ACC-001260,PRED-00675
ACC-001261,PRED-00676
ACC-001262,PRED-00676
ACC-001263,PRED-00676
ACC-001264,PRED-00677
ACC-001265,PRED-00678
ACC-001266,PRED-00679
ACC-001267,PRED-00680
ACC-001268,PRED-00681
ACC-001269,PRED-00681
ACC-001270,PRED-00682
ACC-001271,PRED-00683
ACC-001272,PRED-00684
ACC-001273,PRED-00684
ACC-001274,PRED-00685
ACC-001275,PRED-00685
ACC-001276,PRED-00686
ACC-001277,PRED-00687
ACC-001278,PRED-00687
ACC-001279,PRED-00687
ACC-001280,PRED-00687
ACC-001281,PRED-00688
ACC-001282,PRED-00689
ACC-001283,PRED-00689
ACC-001284,PRED-00689
ACC-001285,PRED-00689
ACC-001286,PRED-00690
ACC-001287,PRED-00691
ACC-001288,PRED-00691
ACC-001289,PRED-00692
ACC-001290,PRED-00693
ACC-001291,PRED-00694
ACC-001292,PRED-00694
ACC-001293,PRED-00695
ACC-001294,PRED-00695
ACC-001295,PRED-00695
ACC-001296,PRED-00695
ACC-001297,PRED-00695
ACC-001298,PRED-00696
ACC-001299,PRED-00696
ACC-001300,PRED-00697
ACC-001301,PRED-00697
ACC-001302,PRED-00698
ACC-001303,PRED-00699
ACC-001304,PRED-00699
ACC-001305,PRED-00699
ACC-001306,PRED-00700
ACC-001307,PRED-00701
ACC-001308,PRED-00701
ACC-001309,PRED-00702
ACC-001310,PRED-00702
ACC-001311,PRED-00703
ACC-001312,PRED-00704
ACC-001313,PRED-00704
ACC-001314,PRED-00705
ACC-001315,PRED-00706
ACC-001316,PRED-00707
ACC-001317,PRED-00708
ACC-001318,PRED-00707
ACC-001319,PRED-00709
ACC-001320,PRED-00709
ACC-001321,PRED-00710
ACC-001322,PRED-00711
ACC-001323,PRED-00711
ACC-001324,PRED-00712
ACC-001325,PRED-00712
ACC-001326,PRED-00713
ACC-001327,PRED-00713
ACC-001328,PRED-00714
ACC-001329,PRED-00714
ACC-001330,PRED-00714
ACC-001331,PRED-00715
ACC-001332,PRED-00716
ACC-001333,PRED-00716
ACC-001334,PRED-00717
ACC-001335,PRED-00717
ACC-001336,PRED-00718
ACC-001337,PRED-00718
ACC-001338,PRED-00718
ACC-001339,PRED-00718
ACC-001340,PRED-00719
ACC-001341,PRED-00720
ACC-001342,PRED-00720
ACC-001343,PRED-00720
ACC-001344,PRED-00720
ACC-001345,PRED-00721
ACC-001346,PRED-00722
ACC-001347,PRED-00722
ACC-001348,PRED-00722
ACC-001349,PRED-00723
ACC-001350,PRED-00724
ACC-001351,PRED-00724
ACC-001352,PRED-00725
ACC-001353,PRED-00725
ACC-001354,PRED-00726
ACC-001355,PRED-00725
ACC-001356,PRED-00727
ACC-001357,PRED-00727
ACC-001358,PRED-00728
ACC-001359,PRED-00728
ACC-001360,PRED-00728
ACC-001361,PRED-00729
ACC-001362,PRED-00730
ACC-001363,PRED-00730
ACC-001364,PRED-00731
ACC-001365,PRED-00732
ACC-001366,PRED-00732
ACC-001367,PRED-00732
ACC-001368,PRED-00732
ACC-001369,PRED-00732
ACC-001370,PRED-00731
ACC-001371,PRED-00733
ACC-001372,PRED-00734
ACC-001373,PRED-00735
ACC-001374,PRED-00736
ACC-001375,PRED-00736
ACC-001376,PRED-00737
ACC-001377,PRED-00736
ACC-001378,PRED-00736
ACC-001379,PRED-00736
ACC-001380,PRED-00738
ACC-001381,PRED-00738
ACC-001382,PRED-00738
ACC-001383,PRED-00739
ACC-001384,PRED-00738
ACC-001385,PRED-00738
ACC-001386,PRED-00740
ACC-001387,PRED-00740
ACC-001388,PRED-00740
ACC-001389,PRED-00741
ACC-001390,PRED-00741
ACC-001391,PRED-00741
ACC-001392,PRED-00741
ACC-001393,PRED-00742
ACC-001394,PRED-00743
ACC-001395,PRED-00744
ACC-001396,PRED-00745
ACC-001397,PRED-00746
ACC-001398,PRED-00747
ACC-001399,PRED-00748
ACC-001400,PRED-00748
ACC-001401,PRED-00748
ACC-001402,PRED-00749
ACC-001403,PRED-00749
ACC-001404,PRED-00749
ACC-001405,PRED-00750
ACC-001406,PRED-00750
ACC-001407,PRED-00751
ACC-001408,PRED-00751
ACC-001409,PRED-00752
ACC-001410,PRED-00752
ACC-001411,PRED-00753
ACC-001412,PRED-00754
ACC-001413,PRED-00755
ACC-001414,PRED-00756
ACC-001415,PRED-00757
ACC-001416,PRED-00757
ACC-001417,PRED-00758
ACC-001418,PRED-00759
ACC-001419,PRED-00759
ACC-001420,PRED-00760
ACC-001421,PRED-00761
ACC-001422,PRED-00762
ACC-001423,PRED-00762
ACC-001424,PRED-00762
ACC-001425,PRED-00762
ACC-001426,PRED-00762
ACC-001427,PRED-00763
ACC-001428,PRED-00763
ACC-001429,PRED-00764
ACC-001430,PRED-00765
ACC-001431,PRED-00766
ACC-001432,PRED-00766
ACC-001433,PRED-00766
ACC-001434,PRED-00766
ACC-001435,PRED-00767
ACC-001436,PRED-00767
ACC-001437,PRED-00767
ACC-001438,PRED-00767
ACC-001439,PRED-00768
ACC-001440,PRED-00768
ACC-001441,PRED-00768
ACC-001442,PRED-00768
ACC-001443,PRED-00769
ACC-001444,PRED-00770
ACC-001445,PRED-00770
ACC-001446,PRED-00771
ACC-001447,PRED-00772
ACC-001448,PRED-00772
ACC-001449,PRED-00772
ACC-001450,PRED-00772
ACC-001451,PRED-00773
ACC-001452,PRED-00774
ACC-001453,PRED-00774
ACC-001454,PRED-00774
ACC-001455,PRED-00774
ACC-001456,PRED-00775
ACC-001457,PRED-00775
ACC-001458,PRED-00775
ACC-001459,PRED-00775
ACC-001460,PRED-00776
ACC-001461,PRED-00777
ACC-001462,PRED-00777
ACC-001463,PRED-00777
ACC-001464,PRED-00777
ACC-001465,PRED-00778
ACC-001466,PRED-00778
ACC-001467,PRED-00778
ACC-001468,PRED-00779
ACC-001469,PRED-00780
