predicted_group_id,members,signal_type,dominant_family_token_share,minimum_link_score,mean_link_score,review_required
PRED-00001,2,shared_household_signal,1.0,1.0,1.0,True
PRED-00002,2,shared_household_signal,1.0,0.9879227053140095,0.9879227053140095,True
PRED-00003,1,singleton,1.0,0.0,0.0,True
PRED-00004,3,shared_household_signal,1.0,0.9110671936758892,0.9445908358951837,True
PRED-00005,1,singleton,1.0,0.0,0.0,True
PRED-00006,1,singleton,1.0,0.0,0.0,True
PRED-00007,1,singleton,1.0,0.0,0.0,True
PRED-00008,1,singleton,1.0,0.0,0.0,True
PRED-00009,1,singleton,1.0,0.0,0.0,True
PRED-00010,1,singleton,1.0,0.0,0.0,True
PRED-00011,2,shared_household_signal,1.0,1.0,1.0,True
PRED-00012,1,singleton,1.0,0.0,0.0,True
PRED-00013,1,singleton,1.0,0.0,0.0,True
PRED-00014,3,shared_household_signal,0.6666666666666666,0.9669565217391304,0.9779710144927537,True
PRED-00015,2,shared_residence_signal,0.5,0.8924485125858124,0.8924485125858124,True
PRED-00016,2,shared_household_signal,1.0,1.0,1.0,True
PRED-00017,1,singleton,1.0,0.0,0.0,True
PRED-00018,1,singleton,1.0,0.0,0.0,True
PRED-00019,1,singleton,1.0,0.0,0.0,True
PRED-00020,1,singleton,1.0,0.0,0.0,True
PRED-00021,1,singleton,1.0,0.0,0.0,True
PRED-00022,1,singleton,1.0,0.0,0.0,True
PRED-00023,1,singleton,1.0,0.0,0.0,True
PRED-00024,6,shared_location_review,0.16666666666666666,0.8924485125858124,0.9508161708619376,True
PRED-00025,1,singleton,1.0,0.0,0.0,True
PRED-00026,2,shared_residence_signal,0.5,0.9800000000000001,0.9800000000000001,True
PRED-00027,1,singleton,1.0,0.0,0.0,True
PRED-00028,4,shared_household_signal,1.0,0.9749163879598661,0.9880899293942771,True
PRED-00029,2,shared_household_signal,1.0,1.0,1.0,True
PRED-00030,4,shared_residence_signal,0.5,0.9661835748792268,0.9764251207729467,True
PRED-00031,1,singleton,1.0,0.0,0.0,True
PRED-00032,3,shared_residence_signal,0.3333333333333333,0.9800000000000001,0.9800000000000001,True
PRED-00033,1,singleton,1.0,0.0,0.0,True
PRED-00034,1,singleton,1.0,0.0,0.0,True
PRED-00035,2,shared_residence_signal,0.5,0.9696551724137931,0.9696551724137931,True
PRED-00036,1,singleton,1.0,0.0,0.0,True
PRED-00037,2,shared_residence_signal,0.5,0.9800000000000001,0.9800000000000001,True
PRED-00038,2,shared_residence_signal,0.5,0.8967391304347824,0.8967391304347824,True
PRED-00039,1,singleton,1.0,0.0,0.0,True
PRED-00040,1,singleton,1.0,0.0,0.0,True
PRED-00041,1,singleton,1.0,0.0,0.0,True
PRED-00042,1,singleton,1.0,0.0,0.0,True
PRED-00043,1,singleton,1.0,0.0,0.0,True
PRED-00044,2,shared_residence_signal,0.5,0.9800000000000001,0.9800000000000001,True
PRED-00045,2,shared_residence_signal,0.5,0.8804347826086956,0.8804347826086956,True
PRED-00046,1,singleton,1.0,0.0,0.0,True
PRED-00047,3,shared_household_signal,0.6666666666666666,0.9652173913043478,0.9773913043478261,True
PRED-00048,2,shared_residence_signal,0.5,0.9010526315789474,0.9010526315789474,True
PRED-00049,1,singleton,1.0,0.0,0.0,True
PRED-00050,1,singleton,1.0,0.0,0.0,True
PRED-00051,1,singleton,1.0,0.0,0.0,True
PRED-00052,2,shared_household_signal,1.0,1.0,1.0,True
PRED-00053,1,singleton,1.0,0.0,0.0,True
PRED-00054,2,shared_residence_signal,0.5,0.9800000000000001,0.9800000000000001,True
PRED-00055,2,shared_household_signal,1.0,1.0,1.0,True
PRED-00056,1,singleton,1.0,0.0,0.0,True
PRED-00057,5,shared_residence_signal,0.2,0.9688888888888888,0.9755555555555556,True
PRED-00058,1,singleton,1.0,0.0,0.0,True
PRED-00059,1,singleton,1.0,0.0,0.0,True
PRED-00060,1,singleton,1.0,0.0,0.0,True
PRED-00061,3,shared_residence_signal,0.3333333333333333,0.9696551724137931,0.9731034482758621,True
PRED-00062,1,singleton,1.0,0.0,0.0,True
PRED-00063,5,shared_residence_signal,0.4,0.9130434782608695,0.9518658170914541,True
PRED-00064,1,singleton,1.0,0.0,0.0,True
PRED-00065,3,shared_household_signal,0.6666666666666666,0.9800000000000001,0.9866666666666667,True
PRED-00066,1,singleton,1.0,0.0,0.0,True
PRED-00067,1,singleton,1.0,0.0,0.0,True
PRED-00068,5,shared_household_signal,0.8,0.8924485125858124,0.956979405034325,True
PRED-00069,1,singleton,1.0,0.0,0.0,True
PRED-00070,2,shared_household_signal,1.0,1.0,1.0,True
PRED-00071,1,singleton,1.0,0.0,0.0,True
PRED-00072,2,shared_residence_signal,0.5,0.9800000000000001,0.9800000000000001,True
PRED-00073,2,shared_residence_signal,0.5,0.9800000000000001,0.9800000000000001,True
PRED-00074,3,shared_household_signal,0.6666666666666666,0.8924485125858124,0.9282990083905416,True
PRED-00075,1,singleton,1.0,0.0,0.0,True
PRED-00076,2,shared_household_signal,1.0,0.953416149068323,0.953416149068323,True
PRED-00077,1,singleton,1.0,0.0,0.0,True
PRED-00078,1,singleton,1.0,0.0,0.0,True
PRED-00079,3,shared_residence_signal,0.3333333333333333,0.9661835748792268,0.9707890499194846,True
PRED-00080,1,singleton,1.0,0.0,0.0,True
PRED-00081,1,singleton,1.0,0.0,0.0,True
PRED-00082,3,shared_residence_signal,0.3333333333333333,0.9688888888888888,0.9725925925925926,True
PRED-00083,1,singleton,1.0,0.0,0.0,True
PRED-00084,2,shared_household_signal,1.0,1.0,1.0,True
PRED-00085,1,singleton,1.0,0.0,0.0,True
PRED-00086,1,singleton,1.0,0.0,0.0,True
PRED-00087,1,singleton,1.0,0.0,0.0,True
PRED-00088,1,singleton,1.0,0.0,0.0,True
PRED-00089,2,shared_residence_signal,0.5,0.92,0.92,True
PRED-00090,2,shared_household_signal,1.0,0.9767080745341613,0.9767080745341613,True
PRED-00091,1,singleton,1.0,0.0,0.0,True
PRED-00092,1,singleton,1.0,0.0,0.0,True
PRED-00093,5,shared_residence_signal,0.2,0.8924485125858124,0.944979405034325,True
PRED-00094,1,singleton,1.0,0.0,0.0,True
PRED-00095,1,singleton,1.0,0.0,0.0,True
PRED-00096,2,shared_household_signal,1.0,0.9880000000000001,0.9880000000000001,True
PRED-00097,3,shared_residence_signal,0.3333333333333333,0.9800000000000001,0.9800000000000001,True
PRED-00098,1,singleton,1.0,0.0,0.0,True
PRED-00099,1,singleton,1.0,0.0,0.0,True
PRED-00100,1,singleton,1.0,0.0,0.0,True
PRED-00101,1,singleton,1.0,0.0,0.0,True
PRED-00102,2,shared_residence_signal,0.5,0.9800000000000001,0.9800000000000001,True
PRED-00103,2,shared_residence_signal,0.5,0.9800000000000001,0.9800000000000001,True
PRED-00104,1,singleton,1.0,0.0,0.0,True
PRED-00105,2,shared_household_signal,1.0,1.0,1.0,True
PRED-00106,1,singleton,1.0,0.0,0.0,True
PRED-00107,1,singleton,1.0,0.0,0.0,True
PRED-00108,1,singleton,1.0,0.0,0.0,True
PRED-00109,1,singleton,1.0,0.0,0.0,True
PRED-00110,2,shared_residence_signal,0.5,0.9073724007561436,0.9073724007561436,True
PRED-00111,4,shared_residence_signal,0.25,0.9800000000000001,0.9800000000000001,True
PRED-00112,1,singleton,1.0,0.0,0.0,True
PRED-00113,1,singleton,1.0,0.0,0.0,True
PRED-00114,1,singleton,1.0,0.0,0.0,True
PRED-00115,4,shared_residence_signal,0.25,0.9696551724137931,0.9748275862068967,True
PRED-00116,2,shared_residence_signal,0.5,0.9800000000000001,0.9800000000000001,True
PRED-00117,2,shared_residence_signal,0.5,0.9696551724137931,0.9696551724137931,True
PRED-00118,1,singleton,1.0,0.0,0.0,True
PRED-00119,3,shared_household_signal,0.6666666666666666,0.9670164917541227,0.9785907046476762,True
PRED-00120,3,shared_household_signal,1.0,0.914187643020595,0.94279176201373,True
PRED-00121,2,shared_residence_signal,0.5,0.8695652173913042,0.8695652173913042,True
PRED-00122,5,shared_residence_signal,0.2,0.8695652173913042,0.9379160282558949,True
PRED-00123,4,shared_household_signal,1.0,1.0,1.0,True
PRED-00124,1,singleton,1.0,0.0,0.0,True
PRED-00125,1,singleton,1.0,0.0,0.0,True
PRED-00126,1,singleton,1.0,0.0,0.0,True
PRED-00127,2,shared_residence_signal,0.5,0.9800000000000001,0.9800000000000001,True
PRED-00128,4,shared_household_signal,0.75,0.9800000000000001,0.9900000000000001,True
PRED-00129,1,singleton,1.0,0.0,0.0,True
PRED-00130,3,shared_household_signal,1.0,0.8913043478260869,0.9308161708619375,True
PRED-00131,1,singleton,1.0,0.0,0.0,True
PRED-00132,1,singleton,1.0,0.0,0.0,True
PRED-00133,3,shared_household_signal,0.6666666666666666,0.9073724007561436,0.9382482671707623,True
PRED-00134,5,shared_residence_signal,0.2,0.9531772575250834,0.9698394648829429,True
PRED-00135,4,shared_residence_signal,0.5,0.9569230769230769,0.972079772079772,True
PRED-00136,3,shared_residence_signal,0.3333333333333333,0.9800000000000001,0.9800000000000001,True
PRED-00137,3,shared_residence_signal,0.3333333333333333,0.9147826086956522,0.9365217391304349,True
PRED-00138,1,singleton,1.0,0.0,0.0,True
PRED-00139,3,shared_household_signal,0.6666666666666666,0.9661835748792268,0.9780354267310788,True
PRED-00140,4,shared_household_signal,1.0,0.9879227053140095,0.9939613526570047,True
PRED-00141,3,shared_household_signal,0.6666666666666666,0.8967391304347824,0.9345852073963017,True
PRED-00142,2,shared_household_signal,1.0,0.9887556221889054,0.9887556221889054,True
PRED-00143,6,shared_location_review,0.16666666666666666,0.9800000000000001,0.9800000000000002,True
PRED-00144,2,shared_residence_signal,0.5,0.9800000000000001,0.9800000000000001,True
PRED-00145,1,singleton,1.0,0.0,0.0,True
PRED-00146,2,shared_residence_signal,0.5,0.9640831758034025,0.9640831758034025,True
PRED-00147,1,singleton,1.0,0.0,0.0,True
PRED-00148,3,shared_household_signal,1.0,1.0,1.0,True
PRED-00149,2,shared_residence_signal,0.5,0.9006211180124222,0.9006211180124222,True
PRED-00150,2,shared_residence_signal,0.5,0.9085714285714285,0.9085714285714285,True
PRED-00151,1,singleton,1.0,0.0,0.0,True
PRED-00152,2,shared_residence_signal,0.5,0.9800000000000001,0.9800000000000001,True
PRED-00153,1,singleton,1.0,0.0,0.0,True
PRED-00154,6,shared_location_review,0.16666666666666666,0.8695652173913042,0.9450461313965443,True
PRED-00155,1,singleton,1.0,0.0,0.0,True
PRED-00156,1,singleton,1.0,0.0,0.0,True
PRED-00157,1,singleton,1.0,0.0,0.0,True
PRED-00158,2,shared_residence_signal,0.5,0.9782608695652174,0.9782608695652174,True
PRED-00159,2,shared_residence_signal,0.5,0.9661835748792268,0.9661835748792268,True
PRED-00160,1,singleton,1.0,0.0,0.0,True
PRED-00161,4,shared_residence_signal,0.25,0.8893280632411065,0.9360733357519746,True
PRED-00162,1,singleton,1.0,0.0,0.0,True
PRED-00163,1,singleton,1.0,0.0,0.0,True
PRED-00164,1,singleton,1.0,0.0,0.0,True
PRED-00165,2,shared_residence_signal,0.5,0.9800000000000001,0.9800000000000001,True
PRED-00166,4,shared_residence_signal,0.5,0.9800000000000001,0.9833333333333334,True
PRED-00167,2,shared_residence_signal,0.5,0.9800000000000001,0.9800000000000001,True
PRED-00168,3,shared_household_signal,0.6666666666666666,0.9800000000000001,0.9866666666666667,True
PRED-00169,1,singleton,1.0,0.0,0.0,True
PRED-00170,3,shared_household_signal,0.6666666666666666,0.9800000000000001,0.9866666666666667,True
PRED-00171,1,singleton,1.0,0.0,0.0,True
PRED-00172,1,singleton,1.0,0.0,0.0,True
PRED-00173,2,shared_household_signal,1.0,1.0,1.0,True
PRED-00174,3,shared_household_signal,1.0,0.9869565217391304,0.9913043478260869,True
PRED-00175,2,shared_household_signal,1.0,0.9858223062381851,0.9858223062381851,True
PRED-00176,1,singleton,1.0,0.0,0.0,True
PRED-00177,1,singleton,1.0,0.0,0.0,True
PRED-00178,2,shared_residence_signal,0.5,0.9006211180124222,0.9006211180124222,True
PRED-00179,2,shared_household_signal,1.0,0.9021739130434782,0.9021739130434782,True
PRED-00180,2,shared_household_signal,1.0,1.0,1.0,True
PRED-00181,1,singleton,1.0,0.0,0.0,True
PRED-00182,1,singleton,1.0,0.0,0.0,True
PRED-00183,1,singleton,1.0,0.0,0.0,True
PRED-00184,1,singleton,1.0,0.0,0.0,True
PRED-00185,1,singleton,1.0,0.0,0.0,True
PRED-00186,1,singleton,1.0,0.0,0.0,True
PRED-00187,2,shared_residence_signal,0.5,0.9800000000000001,0.9800000000000001,True
PRED-00188,3,shared_household_signal,1.0,0.9291115311909263,0.9527410207939507,True
PRED-00189,1,singleton,1.0,0.0,0.0,True
PRED-00190,4,shared_residence_signal,0.25,0.9147826086956522,0.9473913043478261,True
PRED-00191,3,shared_household_signal,1.0,0.9888888888888888,0.9925925925925926,True
PRED-00192,1,singleton,1.0,0.0,0.0,True
PRED-00193,2,shared_residence_signal,0.5,0.9800000000000001,0.9800000000000001,True
PRED-00194,3,shared_residence_signal,0.3333333333333333,0.9670164917541227,0.9713443278360819,True
PRED-00195,1,singleton,1.0,0.0,0.0,True
PRED-00196,1,singleton,1.0,0.0,0.0,True
PRED-00197,1,singleton,1.0,0.0,0.0,True
PRED-00198,1,singleton,1.0,0.0,0.0,True
PRED-00199,1,singleton,1.0,0.0,0.0,True
PRED-00200,1,singleton,1.0,0.0,0.0,True
PRED-00201,1,singleton,1.0,0.0,0.0,True
PRED-00202,1,singleton,1.0,0.0,0.0,True
PRED-00203,5,shared_residence_signal,0.2,0.9680000000000001,0.9752000000000001,True
PRED-00204,2,shared_residence_signal,0.5,0.9652173913043478,0.9652173913043478,True
PRED-00205,1,singleton,1.0,0.0,0.0,True
PRED-00206,2,shared_household_signal,1.0,0.9869565217391304,0.9869565217391304,True
PRED-00207,2,shared_residence_signal,0.5,0.9800000000000001,0.9800000000000001,True
PRED-00208,5,shared_household_signal,0.8,0.8924485125858124,0.939816933638444,True
PRED-00209,3,shared_residence_signal,0.3333333333333333,0.9800000000000001,0.9800000000000001,True
PRED-00210,3,shared_residence_signal,0.3333333333333333,0.9800000000000001,0.9800000000000001,True
PRED-00211,2,shared_residence_signal,0.5,0.9073724007561436,0.9073724007561436,True
PRED-00212,1,singleton,1.0,0.0,0.0,True
PRED-00213,1,singleton,1.0,0.0,0.0,True
PRED-00214,1,singleton,1.0,0.0,0.0,True
PRED-00215,2,shared_residence_signal,0.5,0.9800000000000001,0.9800000000000001,True
PRED-00216,1,singleton,1.0,0.0,0.0,True
PRED-00217,2,shared_residence_signal,0.5,0.9800000000000001,0.9800000000000001,True
PRED-00218,4,shared_household_signal,0.75,0.9800000000000001,0.9900000000000001,True
PRED-00219,1,singleton,1.0,0.0,0.0,True
PRED-00220,1,singleton,1.0,0.0,0.0,True
PRED-00221,2,shared_residence_signal,0.5,0.9800000000000001,0.9800000000000001,True
PRED-00222,3,shared_household_signal,1.0,1.0,1.0,True
PRED-00223,1,singleton,1.0,0.0,0.0,True
PRED-00224,2,shared_residence_signal,0.5,0.9800000000000001,0.9800000000000001,True
PRED-00225,4,shared_residence_signal,0.25,0.8695652173913042,0.9271047656949557,True
PRED-00226,1,singleton,1.0,0.0,0.0,True
PRED-00227,3,shared_residence_signal,0.3333333333333333,0.9800000000000001,0.9800000000000001,True
PRED-00228,1,singleton,1.0,0.0,0.0,True
PRED-00229,2,shared_residence_signal,0.5,0.9652173913043478,0.9652173913043478,True
PRED-00230,1,singleton,1.0,0.0,0.0,True
PRED-00231,1,singleton,1.0,0.0,0.0,True
PRED-00232,2,shared_household_signal,1.0,1.0,1.0,True
PRED-00233,1,singleton,1.0,0.0,0.0,True
PRED-00234,1,singleton,1.0,0.0,0.0,True
PRED-00235,2,shared_household_signal,1.0,1.0,1.0,True
PRED-00236,1,singleton,1.0,0.0,0.0,True
PRED-00237,6,shared_location_review,0.16666666666666666,0.9670164917541227,0.9756721639180411,True
PRED-00238,1,singleton,1.0,0.0,0.0,True
PRED-00239,1,singleton,1.0,0.0,0.0,True
PRED-00240,4,shared_household_signal,1.0,0.9887556221889054,0.9943778110944527,True
PRED-00241,1,singleton,1.0,0.0,0.0,True
PRED-00242,1,singleton,1.0,0.0,0.0,True
PRED-00243,3,shared_household_signal,1.0,0.9184782608695651,0.9456521739130433,True
PRED-00244,2,shared_household_signal,1.0,0.9396135265700483,0.9396135265700483,True
PRED-00245,1,singleton,1.0,0.0,0.0,True
PRED-00246,4,shared_household_signal,0.75,0.9677419354838709,0.9844506778868629,True
PRED-00247,1,singleton,1.0,0.0,0.0,True
PRED-00248,1,singleton,1.0,0.0,0.0,True
PRED-00249,1,singleton,1.0,0.0,0.0,True
PRED-00250,4,shared_residence_signal,0.25,0.951086956521739,0.9653260869565218,True
PRED-00251,1,singleton,1.0,0.0,0.0,True
PRED-00252,4,shared_household_signal,0.75,0.9800000000000001,0.9900000000000001,True
PRED-00253,2,shared_residence_signal,0.5,0.9800000000000001,0.9800000000000001,True
PRED-00254,1,singleton,1.0,0.0,0.0,True
PRED-00255,1,singleton,1.0,0.0,0.0,True
PRED-00256,2,shared_residence_signal,0.5,0.9800000000000001,0.9800000000000001,True
PRED-00257,1,singleton,1.0,0.0,0.0,True
PRED-00258,1,singleton,1.0,0.0,0.0,True
PRED-00259,2,shared_residence_signal,0.5,0.955,0.955,True
PRED-00260,2,shared_household_signal,1.0,1.0,1.0,True
PRED-00261,2,shared_household_signal,1.0,1.0,1.0,True
PRED-00262,4,shared_household_signal,0.75,0.92,0.96,True
PRED-00263,4,shared_household_signal,1.0,0.9887556221889054,0.9943778110944527,True
PRED-00264,1,singleton,1.0,0.0,0.0,True
PRED-00265,1,singleton,1.0,0.0,0.0,True
PRED-00266,3,shared_residence_signal,0.3333333333333333,0.9800000000000001,0.9800000000000001,True
PRED-00267,5,shared_residence_signal,0.2,0.9800000000000001,0.9800000000000001,True
PRED-00268,2,shared_residence_signal,0.5,0.9696551724137931,0.9696551724137931,True
PRED-00269,3,shared_household_signal,0.6666666666666666,0.9800000000000001,0.9866666666666667,True
PRED-00270,2,shared_residence_signal,0.5,0.9800000000000001,0.9800000000000001,True
PRED-00271,1,singleton,1.0,0.0,0.0,True
PRED-00272,2,shared_residence_signal,0.5,0.9178743961352657,0.9178743961352657,True
PRED-00273,2,shared_household_signal,1.0,1.0,1.0,True
PRED-00274,2,shared_residence_signal,0.5,0.9800000000000001,0.9800000000000001,True
PRED-00275,2,shared_household_signal,1.0,1.0,1.0,True
PRED-00276,1,singleton,1.0,0.0,0.0,True
PRED-00277,1,singleton,1.0,0.0,0.0,True
PRED-00278,1,singleton,1.0,0.0,0.0,True
PRED-00279,1,singleton,1.0,0.0,0.0,True
PRED-00280,1,singleton,1.0,0.0,0.0,True
PRED-00281,2,shared_household_signal,1.0,0.9749163879598661,0.9749163879598661,True
PRED-00282,1,singleton,1.0,0.0,0.0,True
PRED-00283,1,singleton,1.0,0.0,0.0,True
PRED-00284,3,shared_residence_signal,0.3333333333333333,0.9800000000000001,0.9800000000000001,True
PRED-00285,1,singleton,1.0,0.0,0.0,True
PRED-00286,2,shared_household_signal,1.0,1.0,1.0,True
PRED-00287,1,singleton,1.0,0.0,0.0,True
PRED-00288,1,singleton,1.0,0.0,0.0,True
PRED-00289,2,shared_residence_signal,0.5,0.9800000000000001,0.9800000000000001,True
PRED-00290,1,singleton,1.0,0.0,0.0,True
PRED-00291,4,shared_household_signal,0.75,0.9800000000000001,0.9900000000000001,True
PRED-00292,2,shared_household_signal,1.0,0.9347826086956521,0.9347826086956521,True
PRED-00293,6,shared_location_review,0.16666666666666666,0.9549689440993787,0.9700521167987435,True
PRED-00294,2,shared_household_signal,1.0,1.0,1.0,True
PRED-00295,3,shared_residence_signal,0.3333333333333333,0.9800000000000001,0.9800000000000001,True
PRED-00296,1,singleton,1.0,0.0,0.0,True
PRED-00297,2,shared_residence_signal,0.5,0.9800000000000001,0.9800000000000001,True
PRED-00298,1,singleton,1.0,0.0,0.0,True
PRED-00299,1,singleton,1.0,0.0,0.0,True
PRED-00300,3,shared_residence_signal,0.3333333333333333,0.9800000000000001,0.9800000000000001,True
PRED-00301,1,singleton,1.0,0.0,0.0,True
PRED-00302,1,singleton,1.0,0.0,0.0,True
PRED-00303,3,shared_household_signal,0.6666666666666666,0.9800000000000001,0.9866666666666667,True
PRED-00304,1,singleton,1.0,0.0,0.0,True
PRED-00305,2,shared_residence_signal,0.5,0.9800000000000001,0.9800000000000001,True
PRED-00306,1,singleton,1.0,0.0,0.0,True
PRED-00307,1,singleton,1.0,0.0,0.0,True
PRED-00308,1,singleton,1.0,0.0,0.0,True
PRED-00309,1,singleton,1.0,0.0,0.0,True
PRED-00310,3,shared_household_signal,1.0,0.9285714285714285,0.9523809523809522,True
PRED-00311,3,shared_household_signal,1.0,1.0,1.0,True
PRED-00312,1,singleton,1.0,0.0,0.0,True
PRED-00313,2,shared_household_signal,1.0,0.9285714285714285,0.9285714285714285,True
PRED-00314,2,shared_residence_signal,0.5,0.9800000000000001,0.9800000000000001,True
PRED-00315,2,shared_residence_signal,0.5,0.9670164917541227,0.9670164917541227,True
PRED-00316,4,shared_household_signal,1.0,0.9767080745341613,0.9889216106232598,True
PRED-00317,1,singleton,1.0,0.0,0.0,True
PRED-00318,3,shared_residence_signal,0.3333333333333333,0.9800000000000001,0.9800000000000001,True
PRED-00319,1,singleton,1.0,0.0,0.0,True
PRED-00320,4,shared_household_signal,1.0,0.9347826086956521,0.967391304347826,True
PRED-00321,2,shared_household_signal,1.0,0.9887556221889054,0.9887556221889054,True
PRED-00322,5,shared_household_signal,0.8,0.9565217391304347,0.9828190743338008,True
PRED-00323,1,singleton,1.0,0.0,0.0,True
PRED-00324,4,shared_household_signal,1.0,0.9903225806451613,0.9951612903225806,True
PRED-00325,1,singleton,1.0,0.0,0.0,True
PRED-00326,6,shared_location_review,0.16666666666666666,0.9006211180124222,0.9535403726708076,True
PRED-00327,1,singleton,1.0,0.0,0.0,True
PRED-00328,3,shared_residence_signal,0.3333333333333333,0.9652173913043478,0.9701449275362318,True
PRED-00329,1,singleton,1.0,0.0,0.0,True
PRED-00330,1,singleton,1.0,0.0,0.0,True
PRED-00331,1,singleton,1.0,0.0,0.0,True
PRED-00332,1,singleton,1.0,0.0,0.0,True
PRED-00333,1,singleton,1.0,0.0,0.0,True
PRED-00334,2,shared_household_signal,1.0,1.0,1.0,True
PRED-00335,2,shared_residence_signal,0.5,0.9800000000000001,0.9800000000000001,True
PRED-00336,4,shared_household_signal,1.0,0.9869565217391304,0.9934782608695653,True
PRED-00337,3,shared_household_signal,1.0,0.9223602484472048,0.94824016563147,True
PRED-00338,3,shared_residence_signal,0.3333333333333333,0.9800000000000001,0.9800000000000001,True
PRED-00339,2,shared_residence_signal,0.5,0.9130434782608695,0.9130434782608695,True
PRED-00340,1,singleton,1.0,0.0,0.0,True
PRED-00341,2,shared_residence_signal,0.5,0.9800000000000001,0.9800000000000001,True
PRED-00342,6,shared_location_review,0.16666666666666666,0.8967391304347824,0.9531319340329835,True
PRED-00343,3,shared_household_signal,1.0,0.9896551724137931,0.9931034482758619,True
PRED-00344,1,singleton,1.0,0.0,0.0,True
PRED-00345,2,shared_household_signal,1.0,0.9184782608695651,0.9184782608695651,True
PRED-00346,2,shared_residence_signal,0.5,0.9800000000000001,0.9800000000000001,True
PRED-00347,2,shared_household_signal,1.0,1.0,1.0,True
PRED-00348,1,singleton,1.0,0.0,0.0,True
PRED-00349,1,singleton,1.0,0.0,0.0,True
PRED-00350,1,singleton,1.0,0.0,0.0,True
PRED-00351,2,shared_residence_signal,0.5,0.9800000000000001,0.9800000000000001,True
PRED-00352,6,shared_location_review,0.16666666666666666,0.8804347826086956,0.9503726708074537,True
PRED-00353,7,shared_location_review,0.14285714285714285,0.8804347826086956,0.9547323277136942,True
PRED-00354,1,singleton,1.0,0.0,0.0,True
PRED-00355,2,shared_residence_signal,0.5,0.9800000000000001,0.9800000000000001,True
PRED-00356,2,shared_residence_signal,0.5,0.9661835748792268,0.9661835748792268,True
PRED-00357,1,singleton,1.0,0.0,0.0,True
PRED-00358,1,singleton,1.0,0.0,0.0,True
PRED-00359,1,singleton,1.0,0.0,0.0,True
PRED-00360,1,singleton,1.0,0.0,0.0,True
PRED-00361,1,singleton,1.0,0.0,0.0,True
PRED-00362,1,singleton,1.0,0.0,0.0,True
PRED-00363,1,singleton,1.0,0.0,0.0,True
PRED-00364,3,shared_household_signal,1.0,1.0,1.0,True
PRED-00365,2,shared_residence_signal,0.5,0.9800000000000001,0.9800000000000001,True
PRED-00366,4,shared_household_signal,0.75,0.9800000000000001,0.9900000000000001,True
PRED-00367,1,singleton,1.0,0.0,0.0,True
PRED-00368,3,shared_residence_signal,0.3333333333333333,0.8967391304347824,0.926479260369815,True
PRED-00369,1,singleton,1.0,0.0,0.0,True
PRED-00370,1,singleton,1.0,0.0,0.0,True
PRED-00371,3,shared_household_signal,0.6666666666666666,0.9800000000000001,0.9866666666666667,True
PRED-00372,1,singleton,1.0,0.0,0.0,True
PRED-00373,5,shared_residence_signal,0.2,0.9800000000000001,0.9800000000000001,True
PRED-00374,1,singleton,1.0,0.0,0.0,True
PRED-00375,2,shared_residence_signal,0.5,0.9800000000000001,0.9800000000000001,True
PRED-00376,1,singleton,1.0,0.0,0.0,True
PRED-00377,1,singleton,1.0,0.0,0.0,True
PRED-00378,4,shared_residence_signal,0.25,0.9800000000000001,0.9800000000000001,True
PRED-00379,3,shared_household_signal,1.0,1.0,1.0,True
PRED-00380,5,shared_household_signal,0.8,0.9147826086956522,0.9659130434782609,True
PRED-00381,4,shared_residence_signal,0.5,0.9661835748792268,0.9764251207729467,True
PRED-00382,5,shared_residence_signal,0.2,0.9006211180124222,0.9482484472049689,True
PRED-00383,3,shared_residence_signal,0.3333333333333333,0.9006211180124222,0.9270807453416148,True
PRED-00384,2,shared_residence_signal,0.5,0.9800000000000001,0.9800000000000001,True
PRED-00385,1,singleton,1.0,0.0,0.0,True
PRED-00386,1,singleton,1.0,0.0,0.0,True
PRED-00387,1,singleton,1.0,0.0,0.0,True
PRED-00388,2,shared_residence_signal,0.5,0.9670164917541227,0.9670164917541227,True
PRED-00389,1,singleton,1.0,0.0,0.0,True
PRED-00390,2,shared_household_signal,1.0,1.0,1.0,True
PRED-00391,1,singleton,1.0,0.0,0.0,True
PRED-00392,1,singleton,1.0,0.0,0.0,True
PRED-00393,2,shared_household_signal,1.0,0.9347826086956521,0.9347826086956521,True
PRED-00394,1,singleton,1.0,0.0,0.0,True
PRED-00395,1,singleton,1.0,0.0,0.0,True
PRED-00396,1,singleton,1.0,0.0,0.0,True
PRED-00397,1,singleton,1.0,0.0,0.0,True
PRED-00398,1,singleton,1.0,0.0,0.0,True
PRED-00399,1,singleton,1.0,0.0,0.0,True
PRED-00400,4,shared_residence_signal,0.25,0.8804347826086956,0.9329461697722566,True
PRED-00401,1,singleton,1.0,0.0,0.0,True
PRED-00402,3,shared_residence_signal,0.3333333333333333,0.8804347826086956,0.9154244306418219,True
PRED-00403,3,shared_household_signal,0.6666666666666666,0.9800000000000001,0.9866666666666667,True
PRED-00404,1,singleton,1.0,0.0,0.0,True
PRED-00405,2,shared_residence_signal,0.5,0.9800000000000001,0.9800000000000001,True
PRED-00406,2,shared_residence_signal,0.5,0.9800000000000001,0.9800000000000001,True
PRED-00407,1,singleton,1.0,0.0,0.0,True
PRED-00408,2,shared_household_signal,1.0,0.9869565217391304,0.9869565217391304,True
PRED-00409,3,shared_household_signal,0.6666666666666666,0.951086956521739,0.9686811594202899,True
PRED-00410,1,singleton,1.0,0.0,0.0,True
PRED-00411,1,singleton,1.0,0.0,0.0,True
PRED-00412,1,singleton,1.0,0.0,0.0,True
PRED-00413,2,shared_residence_signal,0.5,0.9800000000000001,0.9800000000000001,True
PRED-00414,1,singleton,1.0,0.0,0.0,True
PRED-00415,2,shared_household_signal,1.0,0.9785714285714285,0.9785714285714285,True
PRED-00416,3,shared_residence_signal,0.3333333333333333,0.9800000000000001,0.9800000000000001,True
PRED-00417,1,singleton,1.0,0.0,0.0,True
PRED-00418,2,shared_residence_signal,0.5,0.9800000000000001,0.9800000000000001,True
PRED-00419,1,singleton,1.0,0.0,0.0,True
PRED-00420,1,singleton,1.0,0.0,0.0,True
PRED-00421,2,shared_household_signal,1.0,0.9347826086956521,0.9347826086956521,True
PRED-00422,1,singleton,1.0,0.0,0.0,True
PRED-00423,1,singleton,1.0,0.0,0.0,True
PRED-00424,3,shared_residence_signal,0.3333333333333333,0.9800000000000001,0.9800000000000001,True
PRED-00425,1,singleton,1.0,0.0,0.0,True
PRED-00426,1,singleton,1.0,0.0,0.0,True
PRED-00427,4,shared_residence_signal,0.25,0.9652173913043478,0.9726086956521741,True
PRED-00428,2,shared_household_signal,1.0,1.0,1.0,True
PRED-00429,1,singleton,1.0,0.0,0.0,True
PRED-00430,1,singleton,1.0,0.0,0.0,True
PRED-00431,2,shared_residence_signal,0.5,0.9800000000000001,0.9800000000000001,True
PRED-00432,2,shared_residence_signal,0.5,0.9147826086956522,0.9147826086956522,True
PRED-00433,1,singleton,1.0,0.0,0.0,True
PRED-00434,1,singleton,1.0,0.0,0.0,True
PRED-00435,2,shared_residence_signal,0.5,0.9800000000000001,0.9800000000000001,True
PRED-00436,2,shared_residence_signal,0.5,0.9652173913043478,0.9652173913043478,True
PRED-00437,2,shared_residence_signal,0.5,0.9800000000000001,0.9800000000000001,True
PRED-00438,6,shared_location_review,0.16666666666666666,0.9800000000000001,0.9800000000000002,True
PRED-00439,3,shared_residence_signal,0.3333333333333333,0.9800000000000001,0.9800000000000001,True
PRED-00440,1,singleton,1.0,0.0,0.0,True
PRED-00441,3,shared_residence_signal,0.3333333333333333,0.9696551724137931,0.9731034482758621,True
PRED-00442,3,shared_household_signal,1.0,1.0,1.0,True
PRED-00443,1,singleton,1.0,0.0,0.0,True
PRED-00444,2,shared_residence_signal,0.5,0.9549689440993787,0.9549689440993787,True
PRED-00445,1,singleton,1.0,0.0,0.0,True
PRED-00446,1,singleton,1.0,0.0,0.0,True
PRED-00447,1,singleton,1.0,0.0,0.0,True
PRED-00448,1,singleton,1.0,0.0,0.0,True
PRED-00449,3,shared_residence_signal,0.3333333333333333,0.9178743961352657,0.9385829307568438,True
PRED-00450,1,singleton,1.0,0.0,0.0,True
PRED-00451,1,singleton,1.0,0.0,0.0,True
PRED-00452,1,singleton,1.0,0.0,0.0,True
PRED-00453,1,singleton,1.0,0.0,0.0,True
PRED-00454,1,singleton,1.0,0.0,0.0,True
PRED-00455,3,shared_household_signal,1.0,1.0,1.0,True
PRED-00456,2,shared_residence_signal,0.5,0.9800000000000001,0.9800000000000001,True
PRED-00457,1,singleton,1.0,0.0,0.0,True
PRED-00458,1,singleton,1.0,0.0,0.0,True
PRED-00459,2,shared_residence_signal,0.5,0.9800000000000001,0.9800000000000001,True
PRED-00460,1,singleton,1.0,0.0,0.0,True
PRED-00461,1,singleton,1.0,0.0,0.0,True
PRED-00462,3,shared_household_signal,0.6666666666666666,0.9800000000000001,0.9866666666666667,True
PRED-00463,2,shared_household_signal,1.0,1.0,1.0,True
PRED-00464,4,shared_household_signal,0.75,0.9670164917541227,0.9786317555507958,True
PRED-00465,1,singleton,1.0,0.0,0.0,True
PRED-00466,1,singleton,1.0,0.0,0.0,True
PRED-00467,1,singleton,1.0,0.0,0.0,True
PRED-00468,1,singleton,1.0,0.0,0.0,True
PRED-00469,1,singleton,1.0,0.0,0.0,True
PRED-00470,1,singleton,1.0,0.0,0.0,True
PRED-00471,1,singleton,1.0,0.0,0.0,True
PRED-00472,1,singleton,1.0,0.0,0.0,True
PRED-00473,1,singleton,1.0,0.0,0.0,True
PRED-00474,1,singleton,1.0,0.0,0.0,True
PRED-00475,1,singleton,1.0,0.0,0.0,True
PRED-00476,2,shared_household_signal,1.0,1.0,1.0,True
PRED-00477,1,singleton,1.0,0.0,0.0,True
PRED-00478,1,singleton,1.0,0.0,0.0,True
PRED-00479,2,shared_residence_signal,0.5,0.9800000000000001,0.9800000000000001,True
PRED-00480,1,singleton,1.0,0.0,0.0,True
PRED-00481,2,shared_residence_signal,0.5,0.9073724007561436,0.9073724007561436,True
PRED-00482,2,shared_residence_signal,0.5,0.9661835748792268,0.9661835748792268,True
PRED-00483,1,singleton,1.0,0.0,0.0,True
PRED-00484,2,shared_household_signal,1.0,1.0,1.0,True
PRED-00485,1,singleton,1.0,0.0,0.0,True
PRED-00486,1,singleton,1.0,0.0,0.0,True
PRED-00487,1,singleton,1.0,0.0,0.0,True
PRED-00488,1,singleton,1.0,0.0,0.0,True
PRED-00489,4,shared_household_signal,0.75,0.9800000000000001,0.9900000000000001,True
PRED-00490,1,singleton,1.0,0.0,0.0,True
PRED-00491,1,singleton,1.0,0.0,0.0,True
PRED-00492,4,shared_household_signal,1.0,0.9896551724137931,0.9948275862068966,True
PRED-00493,3,shared_residence_signal,0.3333333333333333,0.9800000000000001,0.9800000000000001,True
PRED-00494,1,singleton,1.0,0.0,0.0,True
PRED-00495,3,shared_household_signal,1.0,1.0,1.0,True
PRED-00496,1,singleton,1.0,0.0,0.0,True
PRED-00497,1,singleton,1.0,0.0,0.0,True
PRED-00498,1,singleton,1.0,0.0,0.0,True
PRED-00499,1,singleton,1.0,0.0,0.0,True
PRED-00500,4,shared_household_signal,0.75,0.9800000000000001,0.9900000000000001,True
PRED-00501,2,shared_household_signal,1.0,1.0,1.0,True
PRED-00502,2,shared_residence_signal,0.5,0.9800000000000001,0.9800000000000001,True
PRED-00503,3,shared_residence_signal,0.3333333333333333,0.9652173913043478,0.9695652173913043,True
PRED-00504,2,shared_household_signal,1.0,1.0,1.0,True
PRED-00505,1,singleton,1.0,0.0,0.0,True
PRED-00506,2,shared_household_signal,1.0,1.0,1.0,True
PRED-00507,1,singleton,1.0,0.0,0.0,True
PRED-00508,1,singleton,1.0,0.0,0.0,True
PRED-00509,2,shared_residence_signal,0.5,0.9800000000000001,0.9800000000000001,True
PRED-00510,3,shared_household_signal,0.6666666666666666,0.9680000000000001,0.9786666666666667,True
PRED-00511,1,singleton,1.0,0.0,0.0,True
PRED-00512,4,shared_household_signal,0.75,0.9670164917541227,0.9835082458770614,True
PRED-00513,2,shared_residence_signal,0.5,0.9800000000000001,0.9800000000000001,True
PRED-00514,2,shared_residence_signal,0.5,0.9800000000000001,0.9800000000000001,True
PRED-00515,1,singleton,1.0,0.0,0.0,True
PRED-00516,3,shared_residence_signal,0.3333333333333333,0.9670164917541227,0.9713443278360819,True
PRED-00517,2,shared_residence_signal,0.5,0.9696551724137931,0.9696551724137931,True
PRED-00518,1,singleton,1.0,0.0,0.0,True
PRED-00519,3,shared_household_signal,1.0,0.9894810659186535,0.9929873772791024,True
PRED-00520,1,singleton,1.0,0.0,0.0,True
PRED-00521,6,shared_location_review,0.16666666666666666,0.9800000000000001,0.9800000000000002,True
PRED-00522,2,shared_household_signal,1.0,0.9894810659186535,0.9894810659186535,True
PRED-00523,1,singleton,1.0,0.0,0.0,True
PRED-00524,4,shared_household_signal,1.0,0.9869565217391304,0.9934782608695651,True
PRED-00525,2,shared_residence_signal,0.5,0.9800000000000001,0.9800000000000001,True
PRED-00526,1,singleton,1.0,0.0,0.0,True
PRED-00527,3,shared_household_signal,1.0,0.9869565217391304,0.9913043478260869,True
PRED-00528,2,shared_residence_signal,0.5,0.9800000000000001,0.9800000000000001,True
PRED-00529,2,shared_household_signal,1.0,1.0,1.0,True
PRED-00530,2,shared_residence_signal,0.5,0.9073724007561436,0.9073724007561436,True
PRED-00531,1,singleton,1.0,0.0,0.0,True
PRED-00532,1,singleton,1.0,0.0,0.0,True
PRED-00533,1,singleton,1.0,0.0,0.0,True
PRED-00534,4,shared_household_signal,1.0,1.0,1.0,True
PRED-00535,1,singleton,1.0,0.0,0.0,True
PRED-00536,1,singleton,1.0,0.0,0.0,True
PRED-00537,1,singleton,1.0,0.0,0.0,True
PRED-00538,2,shared_residence_signal,0.5,0.9800000000000001,0.9800000000000001,True
PRED-00539,4,shared_residence_signal,0.25,0.9696551724137931,0.9748275862068966,True
PRED-00540,2,shared_residence_signal,0.5,0.9670164917541227,0.9670164917541227,True
PRED-00541,1,singleton,1.0,0.0,0.0,True
PRED-00542,2,shared_residence_signal,0.5,0.9800000000000001,0.9800000000000001,True
PRED-00543,3,shared_household_signal,1.0,1.0,1.0,True
PRED-00544,3,shared_household_signal,1.0,1.0,1.0,True
PRED-00545,1,singleton,1.0,0.0,0.0,True
PRED-00546,4,shared_residence_signal,0.25,0.9178743961352657,0.9489371980676329,True
PRED-00547,1,singleton,1.0,0.0,0.0,True
PRED-00548,2,shared_residence_signal,0.5,0.9677419354838709,0.9677419354838709,True
PRED-00549,2,shared_residence_signal,0.5,0.9800000000000001,0.9800000000000001,True
PRED-00550,3,shared_household_signal,0.6666666666666666,0.9652173913043478,0.9773913043478261,True
PRED-00551,2,shared_household_signal,1.0,1.0,1.0,True
PRED-00552,3,shared_household_signal,0.6666666666666666,0.9800000000000001,0.9866666666666667,True
PRED-00553,3,shared_household_signal,1.0,0.9181818181818181,0.9472844385887864,True
PRED-00554,3,shared_household_signal,0.6666666666666666,0.9531772575250834,0.9699962839093272,True
PRED-00555,1,singleton,1.0,0.0,0.0,True
PRED-00556,1,singleton,1.0,0.0,0.0,True
PRED-00557,1,singleton,1.0,0.0,0.0,True
PRED-00558,1,singleton,1.0,0.0,0.0,True
PRED-00559,1,singleton,1.0,0.0,0.0,True
PRED-00560,2,shared_residence_signal,0.5,0.9680000000000001,0.9680000000000001,True
PRED-00561,4,shared_household_signal,0.75,0.9800000000000001,0.9900000000000001,True
PRED-00562,1,singleton,1.0,0.0,0.0,True
PRED-00563,4,shared_household_signal,0.75,0.9670164917541227,0.9840879560219888,True
PRED-00564,2,shared_residence_signal,0.5,0.9800000000000001,0.9800000000000001,True
PRED-00565,1,singleton,1.0,0.0,0.0,True
PRED-00566,1,singleton,1.0,0.0,0.0,True
PRED-00567,2,shared_residence_signal,0.5,0.9800000000000001,0.9800000000000001,True
PRED-00568,1,singleton,1.0,0.0,0.0,True
PRED-00569,3,shared_residence_signal,0.3333333333333333,0.9670164917541227,0.9707646176911543,True
PRED-00570,2,shared_household_signal,1.0,0.9894810659186535,0.9894810659186535,True
PRED-00571,1,singleton,1.0,0.0,0.0,True
PRED-00572,2,shared_residence_signal,0.5,0.9800000000000001,0.9800000000000001,True
PRED-00573,2,shared_residence_signal,0.5,0.9800000000000001,0.9800000000000001,True
PRED-00574,1,singleton,1.0,0.0,0.0,True
PRED-00575,2,shared_household_signal,1.0,0.9869565217391304,0.9869565217391304,True
PRED-00576,1,singleton,1.0,0.0,0.0,True
PRED-00577,1,singleton,1.0,0.0,0.0,True
PRED-00578,1,singleton,1.0,0.0,0.0,True
PRED-00579,1,singleton,1.0,0.0,0.0,True
PRED-00580,4,shared_residence_signal,0.25,0.9531772575250834,0.9663185928403318,True
PRED-00581,2,shared_residence_signal,0.5,0.9661835748792268,0.9661835748792268,True
PRED-00582,1,singleton,1.0,0.0,0.0,True
PRED-00583,3,shared_household_signal,0.6666666666666666,0.9800000000000001,0.9866666666666667,True
PRED-00584,1,singleton,1.0,0.0,0.0,True
PRED-00585,4,shared_residence_signal,0.25,0.8804347826086956,0.9346687370600414,True
PRED-00586,3,shared_residence_signal,0.3333333333333333,0.9800000000000001,0.9800000000000001,True
PRED-00587,1,singleton,1.0,0.0,0.0,True
PRED-00588,1,singleton,1.0,0.0,0.0,True
PRED-00589,1,singleton,1.0,0.0,0.0,True
PRED-00590,1,singleton,1.0,0.0,0.0,True
PRED-00591,3,shared_household_signal,0.6666666666666666,0.9130434782608695,0.942608695652174,True
PRED-00592,1,singleton,1.0,0.0,0.0,True
PRED-00593,2,shared_residence_signal,0.5,0.9800000000000001,0.9800000000000001,True
PRED-00594,1,singleton,1.0,0.0,0.0,True
PRED-00595,2,shared_residence_signal,0.5,0.9800000000000001,0.9800000000000001,True
PRED-00596,2,shared_residence_signal,0.5,0.9800000000000001,0.9800000000000001,True
PRED-00597,2,shared_residence_signal,0.5,0.9800000000000001,0.9800000000000001,True
PRED-00598,1,singleton,1.0,0.0,0.0,True
PRED-00599,1,singleton,1.0,0.0,0.0,True
PRED-00600,4,shared_household_signal,1.0,1.0,1.0,True
PRED-00601,2,shared_household_signal,1.0,0.9869565217391304,0.9869565217391304,True
PRED-00602,2,shared_household_signal,1.0,0.9869565217391304,0.9869565217391304,True
PRED-00603,3,shared_household_signal,1.0,0.9021739130434782,0.937391304347826,True
PRED-00604,1,singleton,1.0,0.0,0.0,True
PRED-00605,2,shared_residence_signal,0.5,0.9661835748792268,0.9661835748792268,True
PRED-00606,2,shared_residence_signal,0.5,0.9073724007561436,0.9073724007561436,True
PRED-00607,2,shared_household_signal,1.0,1.0,1.0,True
PRED-00608,2,shared_household_signal,1.0,1.0,1.0,True
PRED-00609,1,singleton,1.0,0.0,0.0,True
PRED-00610,1,singleton,1.0,0.0,0.0,True
PRED-00611,1,singleton,1.0,0.0,0.0,True
PRED-00612,3,shared_household_signal,1.0,1.0,1.0,True
PRED-00613,1,singleton,1.0,0.0,0.0,True
PRED-00614,4,shared_household_signal,0.75,0.9130434782608695,0.9571014492753623,True
PRED-00615,3,shared_residence_signal,0.3333333333333333,0.9800000000000001,0.9800000000000001,True
PRED-00616,1,singleton,1.0,0.0,0.0,True
PRED-00617,1,singleton,1.0,0.0,0.0,True
PRED-00618,1,singleton,1.0,0.0,0.0,True
PRED-00619,1,singleton,1.0,0.0,0.0,True
PRED-00620,3,shared_residence_signal,0.3333333333333333,0.9800000000000001,0.9800000000000001,True
PRED-00621,1,singleton,1.0,0.0,0.0,True
PRED-00622,3,shared_residence_signal,0.3333333333333333,0.9800000000000001,0.9800000000000001,True
PRED-00623,4,shared_household_signal,1.0,0.9894810659186535,0.9947405329593266,True
PRED-00624,1,singleton,1.0,0.0,0.0,True
PRED-00625,6,shared_location_review,0.16666666666666666,0.951086956521739,0.9701884057971015,True
PRED-00626,1,singleton,1.0,0.0,0.0,True
PRED-00627,1,singleton,1.0,0.0,0.0,True
PRED-00628,1,singleton,1.0,0.0,0.0,True
PRED-00629,1,singleton,1.0,0.0,0.0,True
PRED-00630,1,singleton,1.0,0.0,0.0,True
PRED-00631,1,singleton,1.0,0.0,0.0,True
PRED-00632,2,shared_household_signal,1.0,0.9347826086956522,0.9347826086956522,True
PRED-00633,2,shared_residence_signal,0.5,0.9800000000000001,0.9800000000000001,True
PRED-00634,2,shared_household_signal,1.0,1.0,1.0,True
PRED-00635,3,shared_household_signal,1.0,1.0,1.0,True
PRED-00636,1,singleton,1.0,0.0,0.0,True
PRED-00637,1,singleton,1.0,0.0,0.0,True
PRED-00638,2,shared_residence_signal,0.5,0.9800000000000001,0.9800000000000001,True
PRED-00639,1,singleton,1.0,0.0,0.0,True
PRED-00640,2,shared_residence_signal,0.5,0.9800000000000001,0.9800000000000001,True
PRED-00641,2,shared_household_signal,1.0,0.9896551724137931,0.9896551724137931,True
PRED-00642,1,singleton,1.0,0.0,0.0,True
PRED-00643,2,shared_residence_signal,0.5,0.9670164917541227,0.9670164917541227,True
PRED-00644,1,singleton,1.0,0.0,0.0,True
PRED-00645,3,shared_household_signal,1.0,1.0,1.0,True
PRED-00646,1,singleton,1.0,0.0,0.0,True
PRED-00647,1,singleton,1.0,0.0,0.0,True
PRED-00648,3,shared_household_signal,0.6666666666666666,0.9703225806451613,0.9802150537634408,True
PRED-00649,1,singleton,1.0,0.0,0.0,True
PRED-00650,1,singleton,1.0,0.0,0.0,True
PRED-00651,3,shared_household_signal,1.0,1.0,1.0,True
PRED-00652,4,shared_household_signal,1.0,0.9223602484472048,0.9611801242236023,True
PRED-00653,1,singleton,1.0,0.0,0.0,True
PRED-00654,2,shared_household_signal,1.0,1.0,1.0,True
PRED-00655,3,shared_residence_signal,0.3333333333333333,0.9800000000000001,0.9800000000000001,True
PRED-00656,1,singleton,1.0,0.0,0.0,True
PRED-00657,2,shared_residence_signal,0.5,0.9661835748792268,0.9661835748792268,True
PRED-00658,1,singleton,1.0,0.0,0.0,True
PRED-00659,1,singleton,1.0,0.0,0.0,True
PRED-00660,1,singleton,1.0,0.0,0.0,True
PRED-00661,4,shared_household_signal,1.0,1.0,1.0,True
PRED-00662,4,shared_household_signal,0.75,0.9085714285714285,0.9542857142857142,True
PRED-00663,2,shared_household_signal,1.0,1.0,1.0,True
PRED-00664,3,shared_residence_signal,0.3333333333333333,0.9130434782608695,0.9353623188405797,True
PRED-00665,1,singleton,1.0,0.0,0.0,True
PRED-00666,1,singleton,1.0,0.0,0.0,True
PRED-00667,1,singleton,1.0,0.0,0.0,True
PRED-00668,1,singleton,1.0,0.0,0.0,True
PRED-00669,2,shared_residence_signal,0.5,0.9800000000000001,0.9800000000000001,True
PRED-00670,1,singleton,1.0,0.0,0.0,True
PRED-00671,1,singleton,1.0,0.0,0.0,True
PRED-00672,2,shared_residence_signal,0.5,0.9800000000000001,0.9800000000000001,True
PRED-00673,2,shared_residence_signal,0.5,0.9030100334448161,0.9030100334448161,True
PRED-00674,1,singleton,1.0,0.0,0.0,True
PRED-00675,4,shared_residence_signal,0.25,0.9677419354838709,0.9738709677419356,True
PRED-00676,1,singleton,1.0,0.0,0.0,True
PRED-00677,4,shared_residence_signal,0.25,0.9085714285714285,0.9442857142857143,True
PRED-00678,1,singleton,1.0,0.0,0.0,True
PRED-00679,2,shared_household_signal,1.0,1.0,1.0,True
PRED-00680,1,singleton,1.0,0.0,0.0,True
PRED-00681,1,singleton,1.0,0.0,0.0,True
PRED-00682,2,shared_residence_signal,0.5,0.9800000000000001,0.9800000000000001,True
PRED-00683,5,shared_household_signal,0.6,0.9661835748792268,0.9804734299516907,True
PRED-00684,2,shared_residence_signal,0.5,0.9800000000000001,0.9800000000000001,True
PRED-00685,2,shared_residence_signal,0.5,0.9800000000000001,0.9800000000000001,True
PRED-00686,1,singleton,1.0,0.0,0.0,True
PRED-00687,3,shared_household_signal,0.6666666666666666,0.9800000000000001,0.9866666666666667,True
PRED-00688,1,singleton,1.0,0.0,0.0,True
PRED-00689,2,shared_household_signal,1.0,1.0,1.0,True
PRED-00690,2,shared_residence_signal,0.5,0.9800000000000001,0.9800000000000001,True
PRED-00691,1,singleton,1.0,0.0,0.0,True
PRED-00692,2,shared_residence_signal,0.5,0.9800000000000001,0.9800000000000001,True
PRED-00693,1,singleton,1.0,0.0,0.0,True
PRED-00694,1,singleton,1.0,0.0,0.0,True
PRED-00695,2,shared_household_signal,1.0,0.9896551724137931,0.9896551724137931,True
PRED-00696,1,singleton,1.0,0.0,0.0,True
PRED-00697,2,shared_household_signal,1.0,1.0,1.0,True
PRED-00698,1,singleton,1.0,0.0,0.0,True
PRED-00699,2,shared_residence_signal,0.5,0.9800000000000001,0.9800000000000001,True
PRED-00700,2,shared_household_signal,1.0,1.0,1.0,True
PRED-00701,2,shared_household_signal,1.0,1.0,1.0,True
PRED-00702,3,shared_household_signal,0.6666666666666666,0.9800000000000001,0.9866666666666667,True
PRED-00703,1,singleton,1.0,0.0,0.0,True
PRED-00704,2,shared_residence_signal,0.5,0.9800000000000001,0.9800000000000001,True
PRED-00705,2,shared_household_signal,1.0,0.9888888888888888,0.9888888888888888,True
PRED-00706,4,shared_residence_signal,0.25,0.8893280632411065,0.9360733357519746,True
PRED-00707,1,singleton,1.0,0.0,0.0,True
PRED-00708,4,shared_household_signal,1.0,1.0,1.0,True
PRED-00709,1,singleton,1.0,0.0,0.0,True
PRED-00710,3,shared_residence_signal,0.3333333333333333,0.9800000000000001,0.9800000000000001,True
PRED-00711,1,singleton,1.0,0.0,0.0,True
PRED-00712,2,shared_household_signal,1.0,0.9869565217391304,0.9869565217391304,True
PRED-00713,3,shared_household_signal,1.0,1.0,1.0,True
PRED-00714,1,singleton,1.0,0.0,0.0,True
PRED-00715,2,shared_household_signal,1.0,1.0,1.0,True
PRED-00716,3,shared_residence_signal,0.3333333333333333,0.9800000000000001,0.9800000000000001,True
PRED-00717,1,singleton,1.0,0.0,0.0,True
PRED-00718,2,shared_household_signal,1.0,1.0,1.0,True
PRED-00719,7,shared_location_review,0.14285714285714285,0.9585714285714285,0.9740534834623508,True
PRED-00720,1,singleton,1.0,0.0,0.0,True
PRED-00721,1,singleton,1.0,0.0,0.0,True
PRED-00722,1,singleton,1.0,0.0,0.0,True
PRED-00723,5,shared_residence_signal,0.2,0.9703225806451613,0.9761290322580646,True
PRED-00724,1,singleton,1.0,0.0,0.0,True
PRED-00725,5,shared_residence_signal,0.2,0.9800000000000001,0.9800000000000001,True
PRED-00726,1,singleton,1.0,0.0,0.0,True
PRED-00727,3,shared_residence_signal,0.3333333333333333,0.9244444444444445,0.9429629629629631,True
PRED-00728,4,shared_residence_signal,0.25,0.9006211180124222,0.9403105590062112,True
PRED-00729,1,singleton,1.0,0.0,0.0,True
PRED-00730,1,singleton,1.0,0.0,0.0,True
PRED-00731,1,singleton,1.0,0.0,0.0,True
PRED-00732,1,singleton,1.0,0.0,0.0,True
PRED-00733,1,singleton,1.0,0.0,0.0,True
PRED-00734,1,singleton,1.0,0.0,0.0,True
PRED-00735,3,shared_household_signal,1.0,1.0,1.0,True
PRED-00736,3,shared_residence_signal,0.3333333333333333,0.9800000000000001,0.9800000000000001,True
PRED-00737,2,shared_residence_signal,0.5,0.9800000000000001,0.9800000000000001,True
PRED-00738,2,shared_household_signal,1.0,0.9880000000000001,0.9880000000000001,True
PRED-00739,2,shared_household_signal,1.0,1.0,1.0,True
PRED-00740,1,singleton,1.0,0.0,0.0,True
PRED-00741,1,singleton,1.0,0.0,0.0,True
PRED-00742,1,singleton,1.0,0.0,0.0,True
PRED-00743,1,singleton,1.0,0.0,0.0,True
PRED-00744,2,shared_household_signal,1.0,0.9887556221889054,0.9887556221889054,True
PRED-00745,1,singleton,1.0,0.0,0.0,True
PRED-00746,2,shared_residence_signal,0.5,0.9670164917541227,0.9670164917541227,True
PRED-00747,1,singleton,1.0,0.0,0.0,True
PRED-00748,1,singleton,1.0,0.0,0.0,True
PRED-00749,5,shared_residence_signal,0.2,0.9549689440993787,0.9697067894624116,True
PRED-00750,2,shared_household_signal,1.0,1.0,1.0,True
PRED-00751,1,singleton,1.0,0.0,0.0,True
PRED-00752,1,singleton,1.0,0.0,0.0,True
PRED-00753,4,shared_household_signal,1.0,1.0,1.0,True
PRED-00754,4,shared_residence_signal,0.25,0.9800000000000001,0.9800000000000001,True
PRED-00755,4,shared_household_signal,1.0,1.0,1.0,True
PRED-00756,1,singleton,1.0,0.0,0.0,True
PRED-00757,2,shared_household_signal,1.0,1.0,1.0,True
PRED-00758,1,singleton,1.0,0.0,0.0,True
PRED-00759,4,shared_household_signal,1.0,0.9879227053140095,0.9939613526570047,True
PRED-00760,1,singleton,1.0,0.0,0.0,True
PRED-00761,4,shared_household_signal,0.75,0.9661835748792268,0.9836714975845409,True
PRED-00762,4,shared_household_signal,0.75,0.9800000000000001,0.9900000000000001,True
PRED-00763,1,singleton,1.0,0.0,0.0,True
PRED-00764,4,shared_residence_signal,0.25,0.9800000000000001,0.9800000000000001,True
PRED-00765,3,shared_residence_signal,0.3333333333333333,0.9800000000000001,0.9800000000000001,True
PRED-00766,1,singleton,1.0,0.0,0.0,True
PRED-00767,1,singleton,1.0,0.0,0.0,True
