threshold,max_component_size,precision,recall,f1,false_merges,false_splits,bcubed_precision,bcubed_recall,bcubed_f1,weighted_error_cost,deferred_edges,meets_precision_floor,selected
0.65,6,0.9666666666666667,0.8498168498168498,0.9044834307992202,8,41,0.9797453703703705,0.9270833333333334,0.9526871522508853,81.0,0,True,False
0.66,6,0.9666666666666667,0.8498168498168498,0.9044834307992202,8,41,0.9797453703703705,0.9270833333333334,0.9526871522508853,81.0,0,True,False
0.67,6,0.9666666666666667,0.8498168498168498,0.9044834307992202,8,41,0.9797453703703705,0.9270833333333334,0.9526871522508853,81.0,0,True,False
0.68,6,0.9666666666666667,0.8498168498168498,0.9044834307992202,8,41,0.9797453703703705,0.9270833333333334,0.9526871522508853,81.0,0,True,False
0.69,6,0.9666666666666667,0.8498168498168498,0.9044834307992202,8,41,0.9797453703703705,0.9270833333333334,0.9526871522508853,81.0,0,True,False
0.7,6,0.9666666666666667,0.8498168498168498,0.9044834307992202,8,41,0.9797453703703705,0.9270833333333334,0.9526871522508853,81.0,0,True,False
0.71,6,0.9666666666666667,0.8498168498168498,0.9044834307992202,8,41,0.9797453703703705,0.9270833333333334,0.9526871522508853,81.0,0,True,False
0.72,6,0.9666666666666667,0.8498168498168498,0.9044834307992202,8,41,0.9797453703703705,0.9270833333333334,0.9526871522508853,81.0,0,True,False
0.73,6,0.9666666666666667,0.8498168498168498,0.9044834307992202,8,41,0.9797453703703705,0.9270833333333334,0.9526871522508853,81.0,0,True,False
0.74,6,0.9666666666666667,0.8498168498168498,0.9044834307992202,8,41,0.9797453703703705,0.9270833333333334,0.9526871522508853,81.0,0,True,False
0.75,6,0.9666666666666667,0.8498168498168498,0.9044834307992202,8,41,0.9797453703703705,0.9270833333333334,0.9526871522508853,81.0,0,True,False
0.76,6,0.9666666666666667,0.8498168498168498,0.9044834307992202,8,41,0.9797453703703705,0.9270833333333334,0.9526871522508853,81.0,0,True,False
0.77,6,0.9666666666666667,0.8498168498168498,0.9044834307992202,8,41,0.9797453703703705,0.9270833333333334,0.9526871522508853,81.0,0,True,False
0.78,6,0.9666666666666667,0.8498168498168498,0.9044834307992202,8,41,0.9797453703703705,0.9270833333333334,0.9526871522508853,81.0,0,True,False
0.79,6,0.9666666666666667,0.8498168498168498,0.9044834307992202,8,41,0.9797453703703705,0.9270833333333334,0.9526871522508853,81.0,0,True,False
0.8,6,0.9666666666666667,0.8498168498168498,0.9044834307992202,8,41,0.9797453703703705,0.9270833333333334,0.9526871522508853,81.0,0,True,False
0.81,6,0.9702127659574468,0.8351648351648352,0.8976377952755905,7,45,0.9832175925925927,0.9184027777777778,0.9497056113478056,80.0,0,True,False
0.82,6,0.9781659388646288,0.8205128205128205,0.8924302788844621,5,49,0.9878472222222222,0.9137731481481483,0.9493674764996282,74.0,0,True,True
0.83,6,0.9780701754385965,0.8168498168498168,0.8902195608782435,5,50,0.9878472222222222,0.910300925925926,0.9474900491192412,75.0,0,True,False
0.84,6,0.9775784753363229,0.7985347985347986,0.8790322580645162,5,55,0.9878472222222222,0.9045138888888888,0.9443456931702343,80.0,0,True,False
0.85,6,0.9775784753363229,0.7985347985347986,0.8790322580645162,5,55,0.9878472222222222,0.9045138888888888,0.9443456931702343,80.0,0,True,False
0.86,6,0.9774774774774775,0.7948717948717948,0.8767676767676769,5,56,0.9878472222222222,0.9010416666666666,0.9424498314950981,81.0,0,True,False
0.87,6,0.9773755656108597,0.7912087912087912,0.874493927125506,5,57,0.9878472222222222,0.8975694444444444,0.9405469869040312,82.0,0,True,False
0.88,6,0.9773755656108597,0.7912087912087912,0.874493927125506,5,57,0.9878472222222222,0.8975694444444444,0.9405469869040312,82.0,0,True,False
0.89,6,0.9773755656108597,0.7912087912087912,0.874493927125506,5,57,0.9878472222222222,0.8975694444444444,0.9405469869040312,82.0,0,True,False
0.9,6,0.9772727272727273,0.7875457875457875,0.8722109533468559,5,58,0.9878472222222222,0.8940972222222222,0.9386371207462074,83.0,0,True,False
0.91,6,0.9770642201834863,0.7802197802197802,0.8676171079429735,5,60,0.9878472222222222,0.8871527777777778,0.9347961676954732,85.0,0,True,False
0.92,6,0.9852941176470589,0.7362637362637363,0.8427672955974843,3,72,0.9947916666666666,0.8697916666666666,0.9281017225325884,87.0,0,True,False
0.93,6,1.0,0.6813186813186813,0.8104575163398693,0,87,1.0,0.8460648148148148,0.9166144200626959,87.0,0,True,False
0.94,5,1.0,0.6227106227106227,0.7674943566591422,0,103,1.0,0.8252314814814814,0.9042485732403297,103.0,0,True,False
0.95,4,1.0,0.2454212454212454,0.3941176470588235,0,206,1.0,0.6400462962962963,0.7805222300635144,206.0,0,True,False
