account_id,true_group_id,true_relation_type,building_id,unit_id,noise_level,split
ACC-000001,REL-00001,household_signal,1,1,moderate,test
ACC-000002,REL-00001,household_signal,1,1,clean,test
ACC-000003,REL-00002,household_signal,1,2,moderate,test
ACC-000004,REL-00002,household_signal,1,2,heavy,test
ACC-000005,REL-00003,singleton,1,3,moderate,test
ACC-000006,REL-00004,household_signal,1,4,clean,test
ACC-000007,REL-00004,household_signal,1,4,heavy,test
ACC-000008,REL-00004,household_signal,1,4,heavy,test
ACC-000009,REL-00004,household_signal,1,4,heavy,test
ACC-000010,REL-00005,singleton,2,1,moderate,train
ACC-000011,REL-00006,singleton,2,2,clean,train
ACC-000012,REL-00007,singleton,2,3,moderate,train
ACC-000013,REL-00008,singleton,2,4,moderate,train
ACC-000014,REL-00009,singleton,3,1,clean,test
ACC-000015,REL-00010,household_signal,3,2,moderate,test
ACC-000016,REL-00010,household_signal,3,2,clean,test
ACC-000017,REL-00011,singleton,3,3,clean,test
ACC-000018,REL-00012,singleton,3,4,moderate,test
ACC-000019,REL-00013,household_signal,4,1,moderate,validation
ACC-000020,REL-00013,household_signal,4,1,moderate,validation
ACC-000021,REL-00013,household_signal,4,1,heavy,validation
ACC-000022,REL-00013,household_signal,4,1,heavy,validation
ACC-000023,REL-00014,singleton,4,2,moderate,validation
ACC-000024,REL-00015,household_signal,4,3,clean,validation
ACC-000025,REL-00015,household_signal,4,3,moderate,validation
ACC-000026,REL-00016,singleton,4,4,clean,validation
ACC-000027,REL-00017,singleton,5,1,clean,test
ACC-000028,REL-00018,singleton,5,2,moderate,test
ACC-000029,REL-00019,singleton,5,3,moderate,test
ACC-000030,REL-00020,singleton,5,4,clean,test
ACC-000031,REL-00021,singleton,6,1,clean,train
ACC-000032,REL-00022,singleton,6,2,heavy,train
ACC-000033,REL-00023,shared_location,6,3,heavy,train
ACC-000034,REL-00023,shared_location,6,3,moderate,train
ACC-000035,REL-00023,shared_location,6,3,moderate,train
ACC-000036,REL-00023,shared_location,6,3,moderate,train
ACC-000037,REL-00023,shared_location,6,3,clean,train
ACC-000038,REL-00023,shared_location,6,3,moderate,train
ACC-000039,REL-00024,singleton,6,4,heavy,train
ACC-000040,REL-00025,shared_residence,7,1,moderate,train
ACC-000041,REL-00025,shared_residence,7,1,clean,train
ACC-000042,REL-00026,singleton,7,2,moderate,train
ACC-000043,REL-00027,household_signal,7,3,heavy,train
ACC-000044,REL-00027,household_signal,7,3,moderate,train
ACC-000045,REL-00027,household_signal,7,3,moderate,train
ACC-000046,REL-00027,household_signal,7,3,heavy,train
ACC-000047,REL-00028,household_signal,7,4,moderate,train
ACC-000048,REL-00028,household_signal,7,4,clean,train
ACC-000049,REL-00029,household_signal,8,1,moderate,validation
ACC-000050,REL-00029,household_signal,8,1,heavy,validation
ACC-000051,REL-00029,household_signal,8,1,clean,validation
ACC-000052,REL-00029,household_signal,8,1,moderate,validation
ACC-000053,REL-00030,singleton,8,2,moderate,validation
ACC-000054,REL-00031,shared_residence,8,3,clean,validation
ACC-000055,REL-00031,shared_residence,8,3,clean,validation
ACC-000056,REL-00031,shared_residence,8,3,moderate,validation
ACC-000057,REL-00031,shared_residence,8,3,heavy,validation
ACC-000058,REL-00032,singleton,8,4,heavy,validation
ACC-000059,REL-00033,shared_residence,9,1,clean,validation
ACC-000060,REL-00033,shared_residence,9,1,heavy,validation
ACC-000061,REL-00034,singleton,9,2,moderate,validation
ACC-000062,REL-00035,shared_residence,9,3,clean,validation
ACC-000063,REL-00035,shared_residence,9,3,moderate,validation
ACC-000064,REL-00036,household_signal,9,4,heavy,validation
ACC-000065,REL-00036,household_signal,9,4,heavy,validation
ACC-000066,REL-00037,household_signal,10,1,heavy,validation
ACC-000067,REL-00037,household_signal,10,1,clean,validation
ACC-000068,REL-00038,singleton,10,2,moderate,validation
ACC-000069,REL-00039,singleton,10,3,clean,validation
ACC-000070,REL-00040,singleton,10,4,moderate,validation
ACC-000071,REL-00041,shared_residence,11,1,moderate,train
ACC-000072,REL-00041,shared_residence,11,1,moderate,train
ACC-000073,REL-00042,shared_residence,11,2,heavy,train
ACC-000074,REL-00042,shared_residence,11,2,heavy,train
ACC-000075,REL-00043,singleton,11,3,clean,train
ACC-000076,REL-00044,household_signal,11,4,heavy,train
ACC-000077,REL-00044,household_signal,11,4,moderate,train
ACC-000078,REL-00044,household_signal,11,4,moderate,train
ACC-000079,REL-00045,household_signal,12,1,clean,train
ACC-000080,REL-00045,household_signal,12,1,heavy,train
ACC-000081,REL-00046,singleton,12,2,clean,train
ACC-000082,REL-00047,singleton,12,3,clean,train
ACC-000083,REL-00048,singleton,12,4,clean,train
ACC-000084,REL-00049,household_signal,13,1,clean,test
ACC-000085,REL-00049,household_signal,13,1,moderate,test
ACC-000086,REL-00050,singleton,13,2,heavy,test
ACC-000087,REL-00051,shared_residence,13,3,moderate,test
ACC-000088,REL-00051,shared_residence,13,3,moderate,test
ACC-000089,REL-00052,household_signal,13,4,moderate,test
ACC-000090,REL-00052,household_signal,13,4,moderate,test
ACC-000091,REL-00053,singleton,14,1,moderate,test
ACC-000092,REL-00054,shared_location,14,2,moderate,test
ACC-000093,REL-00054,shared_location,14,2,moderate,test
ACC-000094,REL-00054,shared_location,14,2,heavy,test
ACC-000095,REL-00054,shared_location,14,2,heavy,test
ACC-000096,REL-00054,shared_location,14,2,clean,test
ACC-000097,REL-00054,shared_location,14,2,moderate,test
ACC-000098,REL-00055,singleton,14,3,heavy,test
ACC-000099,REL-00056,singleton,14,4,moderate,test
ACC-000100,REL-00057,shared_residence,15,1,heavy,train
ACC-000101,REL-00057,shared_residence,15,1,moderate,train
ACC-000102,REL-00057,shared_residence,15,1,moderate,train
ACC-000103,REL-00058,singleton,15,2,moderate,train
ACC-000104,REL-00059,household_signal,15,3,heavy,train
ACC-000105,REL-00059,household_signal,15,3,clean,train
ACC-000106,REL-00059,household_signal,15,3,heavy,train
ACC-000107,REL-00060,household_signal,15,4,moderate,train
ACC-000108,REL-00060,household_signal,15,4,clean,train
ACC-000109,REL-00060,household_signal,15,4,moderate,train
ACC-000110,REL-00061,household_signal,16,1,clean,train
ACC-000111,REL-00061,household_signal,16,1,moderate,train
ACC-000112,REL-00061,household_signal,16,1,clean,train
ACC-000113,REL-00062,singleton,16,2,moderate,train
ACC-000114,REL-00063,shared_residence,16,3,moderate,train
ACC-000115,REL-00063,shared_residence,16,3,heavy,train
ACC-000116,REL-00064,household_signal,16,4,moderate,train
ACC-000117,REL-00064,household_signal,16,4,clean,train
ACC-000118,REL-00064,household_signal,16,4,clean,train
ACC-000119,REL-00064,household_signal,16,4,clean,train
ACC-000120,REL-00065,singleton,17,1,clean,train
ACC-000121,REL-00066,household_signal,17,2,moderate,train
ACC-000122,REL-00066,household_signal,17,2,moderate,train
ACC-000123,REL-00067,singleton,17,3,moderate,train
ACC-000124,REL-00068,shared_residence,17,4,clean,train
ACC-000125,REL-00068,shared_residence,17,4,clean,train
ACC-000126,REL-00069,household_signal,18,1,moderate,train
ACC-000127,REL-00069,household_signal,18,1,clean,train
ACC-000128,REL-00070,household_signal,18,2,heavy,train
ACC-000129,REL-00070,household_signal,18,2,moderate,train
ACC-000130,REL-00070,household_signal,18,2,moderate,train
ACC-000131,REL-00071,singleton,18,3,clean,train
ACC-000132,REL-00072,household_signal,18,4,heavy,train
ACC-000133,REL-00072,household_signal,18,4,heavy,train
ACC-000134,REL-00072,household_signal,18,4,heavy,train
ACC-000135,REL-00073,shared_residence,19,1,clean,train
ACC-000136,REL-00073,shared_residence,19,1,heavy,train
ACC-000137,REL-00074,shared_residence,19,2,moderate,train
ACC-000138,REL-00074,shared_residence,19,2,moderate,train
ACC-000139,REL-00075,household_signal,19,3,clean,train
ACC-000140,REL-00075,household_signal,19,3,heavy,train
ACC-000141,REL-00076,shared_residence,19,4,moderate,train
ACC-000142,REL-00076,shared_residence,19,4,moderate,train
ACC-000143,REL-00076,shared_residence,19,4,heavy,train
ACC-000144,REL-00077,singleton,20,1,heavy,train
ACC-000145,REL-00078,household_signal,20,2,moderate,train
ACC-000146,REL-00078,household_signal,20,2,moderate,train
ACC-000147,REL-00079,singleton,20,3,moderate,train
ACC-000148,REL-00080,singleton,20,4,clean,train
ACC-000149,REL-00081,singleton,21,1,clean,validation
ACC-000150,REL-00082,singleton,21,2,clean,validation
ACC-000151,REL-00083,household_signal,21,3,clean,validation
ACC-000152,REL-00083,household_signal,21,3,heavy,validation
ACC-000153,REL-00084,household_signal,21,4,heavy,validation
ACC-000154,REL-00084,household_signal,21,4,heavy,validation
ACC-000155,REL-00085,household_signal,22,1,heavy,train
ACC-000156,REL-00085,household_signal,22,1,moderate,train
ACC-000157,REL-00085,household_signal,22,1,heavy,train
ACC-000158,REL-00086,shared_residence,22,2,moderate,train
ACC-000159,REL-00086,shared_residence,22,2,moderate,train
ACC-000160,REL-00086,shared_residence,22,2,clean,train
ACC-000161,REL-00086,shared_residence,22,2,moderate,train
ACC-000162,REL-00087,singleton,22,3,clean,train
ACC-000163,REL-00088,singleton,22,4,moderate,train
ACC-000164,REL-00089,household_signal,23,1,heavy,train
ACC-000165,REL-00089,household_signal,23,1,clean,train
ACC-000166,REL-00090,shared_residence,23,2,clean,train
ACC-000167,REL-00090,shared_residence,23,2,moderate,train
ACC-000168,REL-00090,shared_residence,23,2,clean,train
ACC-000169,REL-00091,singleton,23,3,moderate,train
ACC-000170,REL-00092,singleton,23,4,moderate,train
ACC-000171,REL-00093,shared_residence,24,1,moderate,train
ACC-000172,REL-00093,shared_residence,24,1,heavy,train
ACC-000173,REL-00094,shared_residence,24,2,moderate,train
ACC-000174,REL-00094,shared_residence,24,2,moderate,train
ACC-000175,REL-00095,shared_residence,24,3,moderate,train
ACC-000176,REL-00095,shared_residence,24,3,moderate,train
ACC-000177,REL-00096,singleton,24,4,moderate,train
ACC-000178,REL-00097,household_signal,25,1,moderate,validation
ACC-000179,REL-00097,household_signal,25,1,clean,validation
ACC-000180,REL-00098,singleton,25,2,moderate,validation
ACC-000181,REL-00099,singleton,25,3,moderate,validation
ACC-000182,REL-00100,singleton,25,4,moderate,validation
ACC-000183,REL-00101,singleton,26,1,moderate,validation
ACC-000184,REL-00102,household_signal,26,2,heavy,validation
ACC-000185,REL-00102,household_signal,26,2,clean,validation
ACC-000186,REL-00103,shared_location,26,3,moderate,validation
ACC-000187,REL-00103,shared_location,26,3,moderate,validation
ACC-000188,REL-00103,shared_location,26,3,clean,validation
ACC-000189,REL-00103,shared_location,26,3,moderate,validation
ACC-000190,REL-00103,shared_location,26,3,heavy,validation
ACC-000191,REL-00103,shared_location,26,3,heavy,validation
ACC-000192,REL-00104,singleton,26,4,moderate,validation
ACC-000193,REL-00105,shared_residence,27,1,clean,train
ACC-000194,REL-00105,shared_residence,27,1,heavy,train
ACC-000195,REL-00105,shared_residence,27,1,moderate,train
ACC-000196,REL-00105,shared_residence,27,1,moderate,train
ACC-000197,REL-00106,household_signal,27,2,moderate,train
ACC-000198,REL-00106,household_signal,27,2,moderate,train
ACC-000199,REL-00107,shared_residence,27,3,heavy,train
ACC-000200,REL-00107,shared_residence,27,3,heavy,train
ACC-000201,REL-00107,shared_residence,27,3,clean,train
ACC-000202,REL-00108,household_signal,27,4,moderate,train
ACC-000203,REL-00108,household_signal,27,4,heavy,train
ACC-000204,REL-00108,household_signal,27,4,moderate,train
ACC-000205,REL-00109,household_signal,28,1,moderate,test
ACC-000206,REL-00109,household_signal,28,1,clean,test
ACC-000207,REL-00109,household_signal,28,1,heavy,test
ACC-000208,REL-00110,shared_location,28,2,heavy,test
ACC-000209,REL-00110,shared_location,28,2,moderate,test
ACC-000210,REL-00110,shared_location,28,2,heavy,test
ACC-000211,REL-00110,shared_location,28,2,clean,test
ACC-000212,REL-00110,shared_location,28,2,heavy,test
ACC-000213,REL-00110,shared_location,28,2,moderate,test
ACC-000214,REL-00111,singleton,28,3,heavy,test
ACC-000215,REL-00112,household_signal,28,4,clean,test
ACC-000216,REL-00112,household_signal,28,4,clean,test
ACC-000217,REL-00112,household_signal,28,4,clean,test
ACC-000218,REL-00112,household_signal,28,4,clean,test
ACC-000219,REL-00113,singleton,29,1,heavy,test
ACC-000220,REL-00114,singleton,29,2,heavy,test
ACC-000221,REL-00115,singleton,29,3,heavy,test
ACC-000222,REL-00116,shared_residence,29,4,moderate,test
ACC-000223,REL-00116,shared_residence,29,4,moderate,test
ACC-000224,REL-00117,household_signal,30,1,moderate,train
ACC-000225,REL-00117,household_signal,30,1,moderate,train
ACC-000226,REL-00117,household_signal,30,1,moderate,train
ACC-000227,REL-00117,household_signal,30,1,moderate,train
ACC-000228,REL-00118,singleton,30,2,moderate,train
ACC-000229,REL-00119,household_signal,30,3,heavy,train
ACC-000230,REL-00119,household_signal,30,3,heavy,train
ACC-000231,REL-00119,household_signal,30,3,clean,train
ACC-000232,REL-00120,household_signal,30,4,heavy,train
ACC-000233,REL-00120,household_signal,30,4,moderate,train
ACC-000234,REL-00121,shared_location,31,1,heavy,train
ACC-000235,REL-00121,shared_location,31,1,heavy,train
ACC-000236,REL-00121,shared_location,31,1,moderate,train
ACC-000237,REL-00121,shared_location,31,1,heavy,train
ACC-000238,REL-00121,shared_location,31,1,moderate,train
ACC-000239,REL-00121,shared_location,31,1,moderate,train
ACC-000240,REL-00122,household_signal,31,2,moderate,train
ACC-000241,REL-00122,household_signal,31,2,clean,train
ACC-000242,REL-00123,household_signal,31,3,heavy,train
ACC-000243,REL-00123,household_signal,31,3,moderate,train
ACC-000244,REL-00123,household_signal,31,3,heavy,train
ACC-000245,REL-00123,household_signal,31,3,clean,train
ACC-000246,REL-00124,household_signal,31,4,moderate,train
ACC-000247,REL-00124,household_signal,31,4,clean,train
ACC-000248,REL-00124,household_signal,31,4,clean,train
ACC-000249,REL-00125,shared_residence,32,1,heavy,train
ACC-000250,REL-00125,shared_residence,32,1,moderate,train
ACC-000251,REL-00125,shared_residence,32,1,moderate,train
ACC-000252,REL-00126,singleton,32,2,moderate,train
ACC-000253,REL-00127,household_signal,32,3,heavy,train
ACC-000254,REL-00127,household_signal,32,3,moderate,train
ACC-000255,REL-00127,household_signal,32,3,clean,train
ACC-000256,REL-00128,household_signal,32,4,moderate,train
ACC-000257,REL-00128,household_signal,32,4,heavy,train
ACC-000258,REL-00128,household_signal,32,4,moderate,train
ACC-000259,REL-00128,household_signal,32,4,moderate,train
ACC-000260,REL-00129,household_signal,33,1,heavy,test
ACC-000261,REL-00129,household_signal,33,1,heavy,test
ACC-000262,REL-00129,household_signal,33,1,moderate,test
ACC-000263,REL-00130,household_signal,33,2,heavy,test
ACC-000264,REL-00130,household_signal,33,2,moderate,test
ACC-000265,REL-00131,shared_location,33,3,moderate,test
ACC-000266,REL-00131,shared_location,33,3,moderate,test
ACC-000267,REL-00131,shared_location,33,3,moderate,test
ACC-000268,REL-00131,shared_location,33,3,moderate,test
ACC-000269,REL-00131,shared_location,33,3,clean,test
ACC-000270,REL-00131,shared_location,33,3,clean,test
ACC-000271,REL-00132,shared_residence,33,4,moderate,test
ACC-000272,REL-00132,shared_residence,33,4,moderate,test
ACC-000273,REL-00133,singleton,34,1,clean,validation
ACC-000274,REL-00134,shared_residence,34,2,clean,validation
ACC-000275,REL-00134,shared_residence,34,2,heavy,validation
ACC-000276,REL-00135,singleton,34,3,moderate,validation
ACC-000277,REL-00136,household_signal,34,4,clean,validation
ACC-000278,REL-00136,household_signal,34,4,moderate,validation
ACC-000279,REL-00136,household_signal,34,4,moderate,validation
ACC-000280,REL-00137,shared_residence,35,1,heavy,train
ACC-000281,REL-00137,shared_residence,35,1,moderate,train
ACC-000282,REL-00138,shared_residence,35,2,clean,train
ACC-000283,REL-00138,shared_residence,35,2,heavy,train
ACC-000284,REL-00139,singleton,35,3,moderate,train
ACC-000285,REL-00140,household_signal,35,4,clean,train
ACC-000286,REL-00140,household_signal,35,4,moderate,train
ACC-000287,REL-00141,household_signal,36,1,heavy,train
ACC-000288,REL-00141,household_signal,36,1,heavy,train
ACC-000289,REL-00141,household_signal,36,1,moderate,train
ACC-000290,REL-00142,shared_location,36,2,clean,train
ACC-000291,REL-00142,shared_location,36,2,heavy,train
ACC-000292,REL-00142,shared_location,36,2,clean,train
ACC-000293,REL-00142,shared_location,36,2,moderate,train
ACC-000294,REL-00142,shared_location,36,2,heavy,train
ACC-000295,REL-00142,shared_location,36,2,moderate,train
ACC-000296,REL-00143,singleton,36,3,moderate,train
ACC-000297,REL-00144,household_signal,36,4,heavy,train
ACC-000298,REL-00144,household_signal,36,4,heavy,train
ACC-000299,REL-00145,shared_residence,37,1,clean,train
ACC-000300,REL-00145,shared_residence,37,1,heavy,train
ACC-000301,REL-00146,singleton,37,2,moderate,train
ACC-000302,REL-00147,shared_residence,37,3,moderate,train
ACC-000303,REL-00147,shared_residence,37,3,heavy,train
ACC-000304,REL-00147,shared_residence,37,3,moderate,train
ACC-000305,REL-00147,shared_residence,37,3,heavy,train
ACC-000306,REL-00148,singleton,37,4,heavy,train
ACC-000307,REL-00149,household_signal,38,1,heavy,validation
ACC-000308,REL-00149,household_signal,38,1,heavy,validation
ACC-000309,REL-00150,shared_residence,38,2,clean,validation
ACC-000310,REL-00150,shared_residence,38,2,moderate,validation
ACC-000311,REL-00151,household_signal,38,3,moderate,validation
ACC-000312,REL-00151,household_signal,38,3,clean,validation
ACC-000313,REL-00151,household_signal,38,3,clean,validation
ACC-000314,REL-00151,household_signal,38,3,clean,validation
ACC-000315,REL-00152,shared_residence,38,4,moderate,validation
ACC-000316,REL-00152,shared_residence,38,4,moderate,validation
ACC-000317,REL-00153,household_signal,39,1,moderate,validation
ACC-000318,REL-00153,household_signal,39,1,moderate,validation
ACC-000319,REL-00153,household_signal,39,1,clean,validation
ACC-000320,REL-00154,singleton,39,2,heavy,validation
ACC-000321,REL-00155,household_signal,39,3,moderate,validation
ACC-000322,REL-00155,household_signal,39,3,clean,validation
ACC-000323,REL-00155,household_signal,39,3,moderate,validation
ACC-000324,REL-00156,singleton,39,4,moderate,validation
ACC-000325,REL-00157,singleton,40,1,moderate,test
ACC-000326,REL-00158,household_signal,40,2,moderate,test
ACC-000327,REL-00158,household_signal,40,2,moderate,test
ACC-000328,REL-00159,household_signal,40,3,heavy,test
ACC-000329,REL-00159,household_signal,40,3,moderate,test
ACC-000330,REL-00159,household_signal,40,3,moderate,test
ACC-000331,REL-00160,household_signal,40,4,heavy,test
ACC-000332,REL-00160,household_signal,40,4,moderate,test
ACC-000333,REL-00161,singleton,41,1,heavy,train
ACC-000334,REL-00162,singleton,41,2,moderate,train
ACC-000335,REL-00163,shared_residence,41,3,heavy,train
ACC-000336,REL-00163,shared_residence,41,3,clean,train
ACC-000337,REL-00164,household_signal,41,4,heavy,train
ACC-000338,REL-00164,household_signal,41,4,heavy,train
ACC-000339,REL-00165,household_signal,42,1,moderate,train
ACC-000340,REL-00165,household_signal,42,1,clean,train
ACC-000341,REL-00166,singleton,42,2,moderate,train
ACC-000342,REL-00167,singleton,42,3,clean,train
ACC-000343,REL-00168,singleton,42,4,clean,train
ACC-000344,REL-00169,singleton,43,1,heavy,train
ACC-000345,REL-00170,singleton,43,2,heavy,train
ACC-000346,REL-00171,singleton,43,3,clean,train
ACC-000347,REL-00172,shared_residence,43,4,moderate,train
ACC-000348,REL-00172,shared_residence,43,4,clean,train
ACC-000349,REL-00173,household_signal,44,1,moderate,train
ACC-000350,REL-00173,household_signal,44,1,heavy,train
ACC-000351,REL-00173,household_signal,44,1,clean,train
ACC-000352,REL-00174,singleton,44,2,heavy,train
ACC-000353,REL-00175,shared_residence,44,3,clean,train
ACC-000354,REL-00175,shared_residence,44,3,heavy,train
ACC-000355,REL-00175,shared_residence,44,3,moderate,train
ACC-000356,REL-00175,shared_residence,44,3,clean,train
ACC-000357,REL-00176,household_signal,44,4,moderate,train
ACC-000358,REL-00176,household_signal,44,4,moderate,train
ACC-000359,REL-00176,household_signal,44,4,heavy,train
ACC-000360,REL-00177,singleton,45,1,moderate,train
ACC-000361,REL-00178,shared_residence,45,2,clean,train
ACC-000362,REL-00178,shared_residence,45,2,moderate,train
ACC-000363,REL-00179,household_signal,45,3,moderate,train
ACC-000364,REL-00179,household_signal,45,3,heavy,train
ACC-000365,REL-00179,household_signal,45,3,moderate,train
ACC-000366,REL-00180,singleton,45,4,moderate,train
ACC-000367,REL-00181,singleton,46,1,moderate,train
ACC-000368,REL-00182,singleton,46,2,clean,train
ACC-000369,REL-00183,singleton,46,3,heavy,train
ACC-000370,REL-00184,singleton,46,4,moderate,train
ACC-000371,REL-00185,singleton,47,1,moderate,validation
ACC-000372,REL-00186,shared_residence,47,2,heavy,validation
ACC-000373,REL-00186,shared_residence,47,2,heavy,validation
ACC-000374,REL-00187,shared_location,47,3,moderate,validation
ACC-000375,REL-00187,shared_location,47,3,heavy,validation
ACC-000376,REL-00187,shared_location,47,3,heavy,validation
ACC-000377,REL-00187,shared_location,47,3,moderate,validation
ACC-000378,REL-00187,shared_location,47,3,moderate,validation
ACC-000379,REL-00187,shared_location,47,3,moderate,validation
ACC-000380,REL-00188,singleton,47,4,clean,validation
ACC-000381,REL-00189,singleton,48,1,moderate,train
ACC-000382,REL-00190,household_signal,48,2,heavy,train
ACC-000383,REL-00190,household_signal,48,2,moderate,train
ACC-000384,REL-00191,shared_residence,48,3,moderate,train
ACC-000385,REL-00191,shared_residence,48,3,heavy,train
ACC-000386,REL-00191,shared_residence,48,3,clean,train
ACC-000387,REL-00192,household_signal,48,4,clean,train
ACC-000388,REL-00192,household_signal,48,4,clean,train
ACC-000389,REL-00192,household_signal,48,4,moderate,train
ACC-000390,REL-00192,household_signal,48,4,heavy,train
ACC-000391,REL-00193,shared_residence,49,1,moderate,train
ACC-000392,REL-00193,shared_residence,49,1,moderate,train
ACC-000393,REL-00193,shared_residence,49,1,moderate,train
ACC-000394,REL-00194,shared_residence,49,2,moderate,train
ACC-000395,REL-00194,shared_residence,49,2,clean,train
ACC-000396,REL-00194,shared_residence,49,2,moderate,train
ACC-000397,REL-00195,singleton,49,3,heavy,train
ACC-000398,REL-00196,singleton,49,4,moderate,train
ACC-000399,REL-00197,household_signal,50,1,heavy,train
ACC-000400,REL-00197,household_signal,50,1,clean,train
ACC-000401,REL-00198,singleton,50,2,heavy,train
ACC-000402,REL-00199,shared_residence,50,3,clean,train
ACC-000403,REL-00199,shared_residence,50,3,clean,train
ACC-000404,REL-00200,singleton,50,4,moderate,train
ACC-000405,REL-00201,household_signal,51,1,clean,validation
ACC-000406,REL-00201,household_signal,51,1,moderate,validation
ACC-000407,REL-00202,household_signal,51,2,moderate,validation
ACC-000408,REL-00202,household_signal,51,2,clean,validation
ACC-000409,REL-00202,household_signal,51,2,moderate,validation
ACC-000410,REL-00202,household_signal,51,2,moderate,validation
ACC-000411,REL-00203,singleton,51,3,moderate,validation
ACC-000412,REL-00204,singleton,51,4,clean,validation
ACC-000413,REL-00205,household_signal,52,1,moderate,validation
ACC-000414,REL-00205,household_signal,52,1,moderate,validation
ACC-000415,REL-00206,household_signal,52,2,moderate,validation
ACC-000416,REL-00206,household_signal,52,2,moderate,validation
ACC-000417,REL-00206,household_signal,52,2,moderate,validation
ACC-000418,REL-00207,shared_residence,52,3,heavy,validation
ACC-000419,REL-00207,shared_residence,52,3,moderate,validation
ACC-000420,REL-00207,shared_residence,52,3,moderate,validation
ACC-000421,REL-00208,shared_residence,52,4,clean,validation
ACC-000422,REL-00208,shared_residence,52,4,heavy,validation
ACC-000423,REL-00208,shared_residence,52,4,moderate,validation
ACC-000424,REL-00208,shared_residence,52,4,heavy,validation
ACC-000425,REL-00209,singleton,53,1,moderate,validation
ACC-000426,REL-00210,shared_residence,53,2,clean,validation
ACC-000427,REL-00210,shared_residence,53,2,moderate,validation
ACC-000428,REL-00210,shared_residence,53,2,moderate,validation
ACC-000429,REL-00210,shared_residence,53,2,heavy,validation
ACC-000430,REL-00211,singleton,53,3,heavy,validation
ACC-000431,REL-00212,household_signal,53,4,heavy,validation
ACC-000432,REL-00212,household_signal,53,4,clean,validation
ACC-000433,REL-00213,singleton,54,1,moderate,train
ACC-000434,REL-00214,household_signal,54,2,clean,train
ACC-000435,REL-00214,household_signal,54,2,moderate,train
ACC-000436,REL-00214,household_signal,54,2,heavy,train
ACC-000437,REL-00215,singleton,54,3,moderate,train
ACC-000438,REL-00216,household_signal,54,4,moderate,train
ACC-000439,REL-00216,household_signal,54,4,moderate,train
ACC-000440,REL-00217,singleton,55,1,clean,validation
ACC-000441,REL-00218,shared_location,55,2,clean,validation
ACC-000442,REL-00218,shared_location,55,2,moderate,validation
ACC-000443,REL-00218,shared_location,55,2,moderate,validation
ACC-000444,REL-00218,shared_location,55,2,clean,validation
ACC-000445,REL-00218,shared_location,55,2,moderate,validation
ACC-000446,REL-00218,shared_location,55,2,heavy,validation
ACC-000447,REL-00219,singleton,55,3,heavy,validation
ACC-000448,REL-00220,singleton,55,4,moderate,validation
ACC-000449,REL-00221,household_signal,56,1,clean,train
ACC-000450,REL-00221,household_signal,56,1,clean,train
ACC-000451,REL-00221,household_signal,56,1,moderate,train
ACC-000452,REL-00221,household_signal,56,1,heavy,train
ACC-000453,REL-00222,singleton,56,2,moderate,train
ACC-000454,REL-00223,singleton,56,3,moderate,train
ACC-000455,REL-00224,household_signal,56,4,heavy,train
ACC-000456,REL-00224,household_signal,56,4,heavy,train
ACC-000457,REL-00224,household_signal,56,4,heavy,train
ACC-000458,REL-00225,household_signal,57,1,clean,validation
ACC-000459,REL-00225,household_signal,57,1,heavy,validation
ACC-000460,REL-00226,singleton,57,2,moderate,validation
ACC-000461,REL-00227,household_signal,57,3,clean,validation
ACC-000462,REL-00227,household_signal,57,3,clean,validation
ACC-000463,REL-00227,household_signal,57,3,heavy,validation
ACC-000464,REL-00227,household_signal,57,3,moderate,validation
ACC-000465,REL-00228,singleton,57,4,clean,validation
ACC-000466,REL-00229,singleton,58,1,moderate,train
ACC-000467,REL-00230,singleton,58,2,moderate,train
ACC-000468,REL-00231,shared_residence,58,3,heavy,train
ACC-000469,REL-00231,shared_residence,58,3,heavy,train
ACC-000470,REL-00231,shared_residence,58,3,moderate,train
ACC-000471,REL-00231,shared_residence,58,3,moderate,train
ACC-000472,REL-00232,singleton,58,4,clean,train
ACC-000473,REL-00233,household_signal,59,1,moderate,train
ACC-000474,REL-00233,household_signal,59,1,clean,train
ACC-000475,REL-00233,household_signal,59,1,moderate,train
ACC-000476,REL-00233,household_signal,59,1,moderate,train
ACC-000477,REL-00234,shared_residence,59,2,moderate,train
ACC-000478,REL-00234,shared_residence,59,2,heavy,train
ACC-000479,REL-00234,shared_residence,59,2,clean,train
ACC-000480,REL-00235,singleton,59,3,clean,train
ACC-000481,REL-00236,shared_residence,59,4,moderate,train
ACC-000482,REL-00236,shared_residence,59,4,heavy,train
ACC-000483,REL-00236,shared_residence,59,4,moderate,train
ACC-000484,REL-00237,singleton,60,1,moderate,train
ACC-000485,REL-00238,household_signal,60,2,heavy,train
ACC-000486,REL-00238,household_signal,60,2,heavy,train
ACC-000487,REL-00239,household_signal,60,3,moderate,train
ACC-000488,REL-00239,household_signal,60,3,clean,train
ACC-000489,REL-00240,household_signal,60,4,moderate,train
ACC-000490,REL-00240,household_signal,60,4,moderate,train
ACC-000491,REL-00241,household_signal,61,1,heavy,train
ACC-000492,REL-00241,household_signal,61,1,moderate,train
ACC-000493,REL-00241,household_signal,61,1,clean,train
ACC-000494,REL-00241,household_signal,61,1,moderate,train
ACC-000495,REL-00242,household_signal,61,2,moderate,train
ACC-000496,REL-00242,household_signal,61,2,moderate,train
ACC-000497,REL-00242,household_signal,61,2,heavy,train
ACC-000498,REL-00242,household_signal,61,2,clean,train
ACC-000499,REL-00243,singleton,61,3,moderate,train
ACC-000500,REL-00244,shared_residence,61,4,heavy,train
ACC-000501,REL-00244,shared_residence,61,4,moderate,train
ACC-000502,REL-00244,shared_residence,61,4,moderate,train
ACC-000503,REL-00244,shared_residence,61,4,clean,train
ACC-000504,REL-00245,shared_location,62,1,clean,train
ACC-000505,REL-00245,shared_location,62,1,heavy,train
ACC-000506,REL-00245,shared_location,62,1,moderate,train
ACC-000507,REL-00245,shared_location,62,1,clean,train
ACC-000508,REL-00245,shared_location,62,1,clean,train
ACC-000509,REL-00245,shared_location,62,1,clean,train
ACC-000510,REL-00246,singleton,62,2,moderate,train
ACC-000511,REL-00247,household_signal,62,3,clean,train
ACC-000512,REL-00247,household_signal,62,3,moderate,train
ACC-000513,REL-00247,household_signal,62,3,moderate,train
ACC-000514,REL-00248,shared_residence,62,4,clean,train
ACC-000515,REL-00248,shared_residence,62,4,moderate,train
ACC-000516,REL-00248,shared_residence,62,4,heavy,train
ACC-000517,REL-00249,shared_residence,63,1,heavy,test
ACC-000518,REL-00249,shared_residence,63,1,clean,test
ACC-000519,REL-00250,household_signal,63,2,clean,test
ACC-000520,REL-00250,household_signal,63,2,moderate,test
ACC-000521,REL-00251,shared_residence,63,3,moderate,test
ACC-000522,REL-00251,shared_residence,63,3,clean,test
ACC-000523,REL-00252,household_signal,63,4,moderate,test
ACC-000524,REL-00252,household_signal,63,4,clean,test
ACC-000525,REL-00253,singleton,64,1,moderate,train
ACC-000526,REL-00254,singleton,64,2,clean,train
ACC-000527,REL-00255,singleton,64,3,clean,train
ACC-000528,REL-00256,household_signal,64,4,heavy,train
ACC-000529,REL-00256,household_signal,64,4,moderate,train
ACC-000530,REL-00257,household_signal,65,1,heavy,train
ACC-000531,REL-00257,household_signal,65,1,heavy,train
ACC-000532,REL-00258,singleton,65,2,moderate,train
ACC-000533,REL-00259,singleton,65,3,moderate,train
ACC-000534,REL-00260,shared_residence,65,4,moderate,train
ACC-000535,REL-00260,shared_residence,65,4,moderate,train
ACC-000536,REL-00260,shared_residence,65,4,moderate,train
ACC-000537,REL-00261,singleton,66,1,moderate,train
ACC-000538,REL-00262,household_signal,66,2,clean,train
ACC-000539,REL-00262,household_signal,66,2,moderate,train
ACC-000540,REL-00263,household_signal,66,3,moderate,train
ACC-000541,REL-00263,household_signal,66,3,heavy,train
ACC-000542,REL-00264,shared_residence,66,4,clean,train
ACC-000543,REL-00264,shared_residence,66,4,moderate,train
ACC-000544,REL-00265,singleton,67,1,heavy,validation
ACC-000545,REL-00266,household_signal,67,2,moderate,validation
ACC-000546,REL-00266,household_signal,67,2,clean,validation
ACC-000547,REL-00266,household_signal,67,2,moderate,validation
ACC-000548,REL-00266,household_signal,67,2,clean,validation
ACC-000549,REL-00267,household_signal,67,3,moderate,validation
ACC-000550,REL-00267,household_signal,67,3,heavy,validation
ACC-000551,REL-00268,shared_location,67,4,clean,validation
ACC-000552,REL-00268,shared_location,67,4,clean,validation
ACC-000553,REL-00268,shared_location,67,4,heavy,validation
ACC-000554,REL-00268,shared_location,67,4,heavy,validation
ACC-000555,REL-00268,shared_location,67,4,heavy,validation
ACC-000556,REL-00268,shared_location,67,4,moderate,validation
ACC-000557,REL-00269,household_signal,68,1,moderate,test
ACC-000558,REL-00269,household_signal,68,1,moderate,test
ACC-000559,REL-00270,shared_residence,68,2,moderate,test
ACC-000560,REL-00270,shared_residence,68,2,moderate,test
ACC-000561,REL-00270,shared_residence,68,2,clean,test
ACC-000562,REL-00271,singleton,68,3,moderate,test
ACC-000563,REL-00272,household_signal,68,4,moderate,test
ACC-000564,REL-00272,household_signal,68,4,clean,test
ACC-000565,REL-00273,singleton,69,1,moderate,validation
ACC-000566,REL-00274,singleton,69,2,moderate,validation
ACC-000567,REL-00275,shared_residence,69,3,clean,validation
ACC-000568,REL-00275,shared_residence,69,3,moderate,validation
ACC-000569,REL-00275,shared_residence,69,3,moderate,validation
ACC-000570,REL-00276,singleton,69,4,clean,validation
ACC-000571,REL-00277,singleton,70,1,heavy,train
ACC-000572,REL-00278,household_signal,70,2,clean,train
ACC-000573,REL-00278,household_signal,70,2,moderate,train
ACC-000574,REL-00278,household_signal,70,2,moderate,train
ACC-000575,REL-00279,singleton,70,3,moderate,train
ACC-000576,REL-00280,household_signal,70,4,clean,train
ACC-000577,REL-00280,household_signal,70,4,clean,train
ACC-000578,REL-00281,singleton,71,1,clean,validation
ACC-000579,REL-00282,singleton,71,2,heavy,validation
ACC-000580,REL-00283,singleton,71,3,moderate,validation
ACC-000581,REL-00284,singleton,71,4,moderate,validation
ACC-000582,REL-00285,household_signal,72,1,clean,train
ACC-000583,REL-00285,household_signal,72,1,heavy,train
ACC-000584,REL-00285,household_signal,72,1,clean,train
ACC-000585,REL-00286,household_signal,72,2,moderate,train
ACC-000586,REL-00286,household_signal,72,2,moderate,train
ACC-000587,REL-00286,household_signal,72,2,moderate,train
ACC-000588,REL-00287,singleton,72,3,clean,train
ACC-000589,REL-00288,household_signal,72,4,clean,train
ACC-000590,REL-00288,household_signal,72,4,heavy,train
ACC-000591,REL-00289,household_signal,73,1,moderate,train
ACC-000592,REL-00289,household_signal,73,1,clean,train
ACC-000593,REL-00289,household_signal,73,1,heavy,train
ACC-000594,REL-00290,singleton,73,2,moderate,train
ACC-000595,REL-00291,household_signal,73,3,heavy,train
ACC-000596,REL-00291,household_signal,73,3,clean,train
ACC-000597,REL-00291,household_signal,73,3,heavy,train
ACC-000598,REL-00291,household_signal,73,3,moderate,train
ACC-000599,REL-00292,singleton,73,4,moderate,train
ACC-000600,REL-00293,shared_residence,74,1,clean,train
ACC-000601,REL-00293,shared_residence,74,1,clean,train
ACC-000602,REL-00293,shared_residence,74,1,moderate,train
ACC-000603,REL-00294,singleton,74,2,clean,train
ACC-000604,REL-00295,household_signal,74,3,heavy,train
ACC-000605,REL-00295,household_signal,74,3,moderate,train
ACC-000606,REL-00295,household_signal,74,3,moderate,train
ACC-000607,REL-00295,household_signal,74,3,clean,train
ACC-000608,REL-00296,household_signal,74,4,heavy,train
ACC-000609,REL-00296,household_signal,74,4,clean,train
ACC-000610,REL-00297,singleton,75,1,heavy,train
ACC-000611,REL-00298,household_signal,75,2,clean,train
ACC-000612,REL-00298,household_signal,75,2,heavy,train
ACC-000613,REL-00298,household_signal,75,2,clean,train
ACC-000614,REL-00298,household_signal,75,2,moderate,train
ACC-000615,REL-00299,singleton,75,3,clean,train
ACC-000616,REL-00300,household_signal,75,4,heavy,train
ACC-000617,REL-00300,household_signal,75,4,moderate,train
ACC-000618,REL-00300,household_signal,75,4,clean,train
ACC-000619,REL-00300,household_signal,75,4,moderate,train
ACC-000620,REL-00301,singleton,76,1,moderate,test
ACC-000621,REL-00302,shared_location,76,2,moderate,test
ACC-000622,REL-00302,shared_location,76,2,clean,test
ACC-000623,REL-00302,shared_location,76,2,clean,test
ACC-000624,REL-00302,shared_location,76,2,clean,test
ACC-000625,REL-00302,shared_location,76,2,moderate,test
ACC-000626,REL-00302,shared_location,76,2,heavy,test
ACC-000627,REL-00303,singleton,76,3,clean,test
ACC-000628,REL-00304,shared_residence,76,4,moderate,test
ACC-000629,REL-00304,shared_residence,76,4,heavy,test
ACC-000630,REL-00304,shared_residence,76,4,clean,test
ACC-000631,REL-00305,singleton,77,1,moderate,train
ACC-000632,REL-00306,household_signal,77,2,heavy,train
ACC-000633,REL-00306,household_signal,77,2,moderate,train
ACC-000634,REL-00307,singleton,77,3,clean,train
ACC-000635,REL-00308,singleton,77,4,moderate,train
ACC-000636,REL-00309,household_signal,78,1,moderate,train
ACC-000637,REL-00309,household_signal,78,1,moderate,train
ACC-000638,REL-00310,shared_residence,78,2,clean,train
ACC-000639,REL-00310,shared_residence,78,2,moderate,train
ACC-000640,REL-00311,household_signal,78,3,heavy,train
ACC-000641,REL-00311,household_signal,78,3,moderate,train
ACC-000642,REL-00311,household_signal,78,3,clean,train
ACC-000643,REL-00311,household_signal,78,3,moderate,train
ACC-000644,REL-00312,household_signal,78,4,heavy,train
ACC-000645,REL-00312,household_signal,78,4,clean,train
ACC-000646,REL-00312,household_signal,78,4,clean,train
ACC-000647,REL-00313,shared_residence,79,1,moderate,train
ACC-000648,REL-00313,shared_residence,79,1,moderate,train
ACC-000649,REL-00313,shared_residence,79,1,clean,train
ACC-000650,REL-00314,household_signal,79,2,heavy,train
ACC-000651,REL-00314,household_signal,79,2,clean,train
ACC-000652,REL-00315,singleton,79,3,moderate,train
ACC-000653,REL-00316,shared_residence,79,4,moderate,train
ACC-000654,REL-00316,shared_residence,79,4,moderate,train
ACC-000655,REL-00317,shared_location,80,1,heavy,validation
ACC-000656,REL-00317,shared_location,80,1,clean,validation
ACC-000657,REL-00317,shared_location,80,1,moderate,validation
ACC-000658,REL-00317,shared_location,80,1,moderate,validation
ACC-000659,REL-00317,shared_location,80,1,moderate,validation
ACC-000660,REL-00317,shared_location,80,1,heavy,validation
ACC-000661,REL-00318,household_signal,80,2,moderate,validation
ACC-000662,REL-00318,household_signal,80,2,clean,validation
ACC-000663,REL-00318,household_signal,80,2,heavy,validation
ACC-000664,REL-00319,singleton,80,3,heavy,validation
ACC-000665,REL-00320,household_signal,80,4,heavy,validation
ACC-000666,REL-00320,household_signal,80,4,heavy,validation
ACC-000667,REL-00321,shared_residence,81,1,clean,validation
ACC-000668,REL-00321,shared_residence,81,1,clean,validation
ACC-000669,REL-00322,household_signal,81,2,clean,validation
ACC-000670,REL-00322,household_signal,81,2,clean,validation
ACC-000671,REL-00323,shared_residence,81,3,clean,validation
ACC-000672,REL-00323,shared_residence,81,3,heavy,validation
ACC-000673,REL-00324,singleton,81,4,moderate,validation
ACC-000674,REL-00325,shared_residence,82,1,moderate,test
ACC-000675,REL-00325,shared_residence,82,1,moderate,test
ACC-000676,REL-00326,shared_location,82,2,heavy,test
ACC-000677,REL-00326,shared_location,82,2,clean,test
ACC-000678,REL-00326,shared_location,82,2,moderate,test
ACC-000679,REL-00326,shared_location,82,2,moderate,test
ACC-000680,REL-00326,shared_location,82,2,heavy,test
ACC-000681,REL-00326,shared_location,82,2,moderate,test
ACC-000682,REL-00327,singleton,82,3,heavy,test
ACC-000683,REL-00328,shared_location,82,4,heavy,test
ACC-000684,REL-00328,shared_location,82,4,clean,test
ACC-000685,REL-00328,shared_location,82,4,clean,test
ACC-000686,REL-00328,shared_location,82,4,clean,test
ACC-000687,REL-00328,shared_location,82,4,moderate,test
ACC-000688,REL-00328,shared_location,82,4,moderate,test
ACC-000689,REL-00329,singleton,83,1,heavy,test
ACC-000690,REL-00330,shared_residence,83,2,moderate,test
ACC-000691,REL-00330,shared_residence,83,2,clean,test
ACC-000692,REL-00331,household_signal,83,3,heavy,test
ACC-000693,REL-00331,household_signal,83,3,clean,test
ACC-000694,REL-00332,singleton,83,4,clean,test
ACC-000695,REL-00333,singleton,84,1,moderate,train
ACC-000696,REL-00334,singleton,84,2,moderate,train
ACC-000697,REL-00335,singleton,84,3,clean,train
ACC-000698,REL-00336,singleton,84,4,moderate,train
ACC-000699,REL-00337,singleton,85,1,moderate,train
ACC-000700,REL-00338,singleton,85,2,heavy,train
ACC-000701,REL-00339,household_signal,85,3,moderate,train
ACC-000702,REL-00339,household_signal,85,3,clean,train
ACC-000703,REL-00339,household_signal,85,3,moderate,train
ACC-000704,REL-00340,shared_residence,85,4,moderate,train
ACC-000705,REL-00340,shared_residence,85,4,clean,train
ACC-000706,REL-00341,household_signal,86,1,moderate,test
ACC-000707,REL-00341,household_signal,86,1,moderate,test
ACC-000708,REL-00341,household_signal,86,1,moderate,test
ACC-000709,REL-00341,household_signal,86,1,moderate,test
ACC-000710,REL-00342,shared_residence,86,2,moderate,test
ACC-000711,REL-00342,shared_residence,86,2,heavy,test
ACC-000712,REL-00343,household_signal,86,3,clean,test
ACC-000713,REL-00343,household_signal,86,3,heavy,test
ACC-000714,REL-00344,singleton,86,4,moderate,test
ACC-000715,REL-00345,singleton,87,1,clean,test
ACC-000716,REL-00346,household_signal,87,2,moderate,test
ACC-000717,REL-00346,household_signal,87,2,clean,test
ACC-000718,REL-00346,household_signal,87,2,clean,test
ACC-000719,REL-00347,singleton,87,3,moderate,test
ACC-000720,REL-00348,shared_location,87,4,moderate,test
ACC-000721,REL-00348,shared_location,87,4,moderate,test
ACC-000722,REL-00348,shared_location,87,4,heavy,test
ACC-000723,REL-00348,shared_location,87,4,moderate,test
ACC-000724,REL-00348,shared_location,87,4,moderate,test
ACC-000725,REL-00348,shared_location,87,4,clean,test
ACC-000726,REL-00349,shared_residence,88,1,moderate,train
ACC-000727,REL-00349,shared_residence,88,1,moderate,train
ACC-000728,REL-00350,singleton,88,2,moderate,train
ACC-000729,REL-00351,singleton,88,3,clean,train
ACC-000730,REL-00352,shared_residence,88,4,moderate,train
ACC-000731,REL-00352,shared_residence,88,4,moderate,train
ACC-000732,REL-00352,shared_residence,88,4,clean,train
ACC-000733,REL-00352,shared_residence,88,4,moderate,train
ACC-000734,REL-00353,household_signal,89,1,clean,test
ACC-000735,REL-00353,household_signal,89,1,moderate,test
ACC-000736,REL-00353,household_signal,89,1,moderate,test
ACC-000737,REL-00354,singleton,89,2,heavy,test
ACC-000738,REL-00355,household_signal,89,3,moderate,test
ACC-000739,REL-00355,household_signal,89,3,clean,test
ACC-000740,REL-00355,household_signal,89,3,clean,test
ACC-000741,REL-00355,household_signal,89,3,clean,test
ACC-000742,REL-00356,household_signal,89,4,moderate,test
ACC-000743,REL-00356,household_signal,89,4,moderate,test
ACC-000744,REL-00356,household_signal,89,4,heavy,test
ACC-000745,REL-00356,household_signal,89,4,moderate,test
ACC-000746,REL-00357,shared_location,90,1,clean,validation
ACC-000747,REL-00357,shared_location,90,1,heavy,validation
ACC-000748,REL-00357,shared_location,90,1,heavy,validation
ACC-000749,REL-00357,shared_location,90,1,clean,validation
ACC-000750,REL-00357,shared_location,90,1,moderate,validation
ACC-000751,REL-00357,shared_location,90,1,moderate,validation
ACC-000752,REL-00358,shared_residence,90,2,moderate,validation
ACC-000753,REL-00358,shared_residence,90,2,moderate,validation
ACC-000754,REL-00359,shared_residence,90,3,moderate,validation
ACC-000755,REL-00359,shared_residence,90,3,moderate,validation
ACC-000756,REL-00360,household_signal,90,4,heavy,validation
ACC-000757,REL-00360,household_signal,90,4,clean,validation
ACC-000758,REL-00361,singleton,91,1,clean,test
ACC-000759,REL-00362,household_signal,91,2,heavy,test
ACC-000760,REL-00362,household_signal,91,2,heavy,test
ACC-000761,REL-00363,singleton,91,3,moderate,test
ACC-000762,REL-00364,household_signal,91,4,moderate,test
ACC-000763,REL-00364,household_signal,91,4,moderate,test
ACC-000764,REL-00365,singleton,92,1,clean,train
ACC-000765,REL-00366,singleton,92,2,moderate,train
ACC-000766,REL-00367,household_signal,92,3,moderate,train
ACC-000767,REL-00367,household_signal,92,3,heavy,train
ACC-000768,REL-00368,singleton,92,4,moderate,train
ACC-000769,REL-00369,singleton,93,1,moderate,validation
ACC-000770,REL-00370,singleton,93,2,moderate,validation
ACC-000771,REL-00371,singleton,93,3,moderate,validation
ACC-000772,REL-00372,singleton,93,4,heavy,validation
ACC-000773,REL-00373,singleton,94,1,moderate,train
ACC-000774,REL-00374,shared_residence,94,2,heavy,train
ACC-000775,REL-00374,shared_residence,94,2,moderate,train
ACC-000776,REL-00374,shared_residence,94,2,moderate,train
ACC-000777,REL-00374,shared_residence,94,2,heavy,train
ACC-000778,REL-00375,singleton,94,3,clean,train
ACC-000779,REL-00376,shared_residence,94,4,moderate,train
ACC-000780,REL-00376,shared_residence,94,4,heavy,train
ACC-000781,REL-00376,shared_residence,94,4,heavy,train
ACC-000782,REL-00377,household_signal,95,1,moderate,test
ACC-000783,REL-00377,household_signal,95,1,moderate,test
ACC-000784,REL-00377,household_signal,95,1,moderate,test
ACC-000785,REL-00378,singleton,95,2,clean,test
ACC-000786,REL-00379,shared_residence,95,3,moderate,test
ACC-000787,REL-00379,shared_residence,95,3,clean,test
ACC-000788,REL-00380,shared_residence,95,4,clean,test
ACC-000789,REL-00380,shared_residence,95,4,moderate,test
ACC-000790,REL-00380,shared_residence,95,4,heavy,test
ACC-000791,REL-00381,household_signal,96,1,moderate,train
ACC-000792,REL-00381,household_signal,96,1,heavy,train
ACC-000793,REL-00381,household_signal,96,1,heavy,train
ACC-000794,REL-00381,household_signal,96,1,heavy,train
ACC-000795,REL-00382,household_signal,96,2,moderate,train
ACC-000796,REL-00382,household_signal,96,2,heavy,train
ACC-000797,REL-00383,singleton,96,3,clean,train
ACC-000798,REL-00384,singleton,96,4,clean,train
ACC-000799,REL-00385,household_signal,97,1,clean,train
ACC-000800,REL-00385,household_signal,97,1,clean,train
ACC-000801,REL-00386,singleton,97,2,moderate,train
ACC-000802,REL-00387,household_signal,97,3,heavy,train
ACC-000803,REL-00387,household_signal,97,3,heavy,train
ACC-000804,REL-00388,shared_residence,97,4,clean,train
ACC-000805,REL-00388,shared_residence,97,4,clean,train
ACC-000806,REL-00388,shared_residence,97,4,heavy,train
ACC-000807,REL-00388,shared_residence,97,4,clean,train
ACC-000808,REL-00389,shared_residence,98,1,moderate,train
ACC-000809,REL-00389,shared_residence,98,1,clean,train
ACC-000810,REL-00390,singleton,98,2,moderate,train
ACC-000811,REL-00391,singleton,98,3,moderate,train
ACC-000812,REL-00392,household_signal,98,4,clean,train
ACC-000813,REL-00392,household_signal,98,4,heavy,train
ACC-000814,REL-00393,singleton,99,1,moderate,test
ACC-000815,REL-00394,singleton,99,2,moderate,test
ACC-000816,REL-00395,shared_residence,99,3,moderate,test
ACC-000817,REL-00395,shared_residence,99,3,clean,test
ACC-000818,REL-00395,shared_residence,99,3,clean,test
ACC-000819,REL-00396,singleton,99,4,moderate,test
ACC-000820,REL-00397,singleton,100,1,clean,train
ACC-000821,REL-00398,shared_residence,100,2,clean,train
ACC-000822,REL-00398,shared_residence,100,2,moderate,train
ACC-000823,REL-00398,shared_residence,100,2,heavy,train
ACC-000824,REL-00398,shared_residence,100,2,clean,train
ACC-000825,REL-00399,household_signal,100,3,moderate,train
ACC-000826,REL-00399,household_signal,100,3,heavy,train
ACC-000827,REL-00399,household_signal,100,3,clean,train
ACC-000828,REL-00400,singleton,100,4,moderate,train
ACC-000829,REL-00401,household_signal,101,1,moderate,test
ACC-000830,REL-00401,household_signal,101,1,clean,test
ACC-000831,REL-00402,household_signal,101,2,heavy,test
ACC-000832,REL-00402,household_signal,101,2,heavy,test
ACC-000833,REL-00403,singleton,101,3,moderate,test
ACC-000834,REL-00404,shared_residence,101,4,heavy,test
ACC-000835,REL-00404,shared_residence,101,4,clean,test
ACC-000836,REL-00404,shared_residence,101,4,moderate,test
ACC-000837,REL-00405,household_signal,102,1,moderate,train
ACC-000838,REL-00405,household_signal,102,1,heavy,train
ACC-000839,REL-00406,shared_residence,102,2,moderate,train
ACC-000840,REL-00406,shared_residence,102,2,moderate,train
ACC-000841,REL-00407,shared_location,102,3,moderate,train
ACC-000842,REL-00407,shared_location,102,3,clean,train
ACC-000843,REL-00407,shared_location,102,3,clean,train
ACC-000844,REL-00407,shared_location,102,3,moderate,train
ACC-000845,REL-00407,shared_location,102,3,clean,train
ACC-000846,REL-00407,shared_location,102,3,moderate,train
ACC-000847,REL-00408,shared_residence,102,4,moderate,train
ACC-000848,REL-00408,shared_residence,102,4,clean,train
ACC-000849,REL-00408,shared_residence,102,4,moderate,train
ACC-000850,REL-00409,singleton,103,1,moderate,train
ACC-000851,REL-00410,shared_residence,103,2,clean,train
ACC-000852,REL-00410,shared_residence,103,2,heavy,train
ACC-000853,REL-00410,shared_residence,103,2,moderate,train
ACC-000854,REL-00411,household_signal,103,3,clean,train
ACC-000855,REL-00411,household_signal,103,3,clean,train
ACC-000856,REL-00411,household_signal,103,3,moderate,train
ACC-000857,REL-00412,singleton,103,4,moderate,train
ACC-000858,REL-00413,household_signal,104,1,heavy,train
ACC-000859,REL-00413,household_signal,104,1,heavy,train
ACC-000860,REL-00414,singleton,104,2,heavy,train
ACC-000861,REL-00415,singleton,104,3,moderate,train
ACC-000862,REL-00416,singleton,104,4,moderate,train
ACC-000863,REL-00417,singleton,105,1,clean,test
ACC-000864,REL-00418,singleton,105,2,heavy,test
ACC-000865,REL-00419,household_signal,105,3,clean,test
ACC-000866,REL-00419,household_signal,105,3,moderate,test
ACC-000867,REL-00420,singleton,105,4,moderate,test
ACC-000868,REL-00421,shared_residence,106,1,heavy,train
ACC-000869,REL-00421,shared_residence,106,1,moderate,train
ACC-000870,REL-00422,singleton,106,2,moderate,train
ACC-000871,REL-00423,singleton,106,3,moderate,train
ACC-000872,REL-00424,household_signal,106,4,moderate,train
ACC-000873,REL-00424,household_signal,106,4,moderate,train
ACC-000874,REL-00424,household_signal,106,4,clean,train
ACC-000875,REL-00425,shared_residence,107,1,moderate,train
ACC-000876,REL-00425,shared_residence,107,1,moderate,train
ACC-000877,REL-00426,singleton,107,2,moderate,train
ACC-000878,REL-00427,singleton,107,3,clean,train
ACC-000879,REL-00428,household_signal,107,4,clean,train
ACC-000880,REL-00428,household_signal,107,4,clean,train
ACC-000881,REL-00429,singleton,108,1,moderate,train
ACC-000882,REL-00430,singleton,108,2,moderate,train
ACC-000883,REL-00431,household_signal,108,3,moderate,train
ACC-000884,REL-00431,household_signal,108,3,moderate,train
ACC-000885,REL-00431,household_signal,108,3,moderate,train
ACC-000886,REL-00432,household_signal,108,4,moderate,train
ACC-000887,REL-00432,household_signal,108,4,moderate,train
ACC-000888,REL-00433,household_signal,109,1,moderate,train
ACC-000889,REL-00433,household_signal,109,1,heavy,train
ACC-000890,REL-00433,household_signal,109,1,heavy,train
ACC-000891,REL-00433,household_signal,109,1,clean,train
ACC-000892,REL-00434,singleton,109,2,moderate,train
ACC-000893,REL-00435,singleton,109,3,moderate,train
ACC-000894,REL-00436,singleton,109,4,heavy,train
ACC-000895,REL-00437,singleton,110,1,clean,train
ACC-000896,REL-00438,singleton,110,2,clean,train
ACC-000897,REL-00439,singleton,110,3,moderate,train
ACC-000898,REL-00440,singleton,110,4,clean,train
ACC-000899,REL-00441,singleton,111,1,clean,train
ACC-000900,REL-00442,singleton,111,2,moderate,train
ACC-000901,REL-00443,singleton,111,3,clean,train
ACC-000902,REL-00444,singleton,111,4,moderate,train
ACC-000903,REL-00445,household_signal,112,1,moderate,train
ACC-000904,REL-00445,household_signal,112,1,clean,train
ACC-000905,REL-00446,household_signal,112,2,clean,train
ACC-000906,REL-00446,household_signal,112,2,heavy,train
ACC-000907,REL-00447,shared_residence,112,3,moderate,train
ACC-000908,REL-00447,shared_residence,112,3,moderate,train
ACC-000909,REL-00448,singleton,112,4,moderate,train
ACC-000910,REL-00449,shared_residence,113,1,heavy,train
ACC-000911,REL-00449,shared_residence,113,1,clean,train
ACC-000912,REL-00450,singleton,113,2,heavy,train
ACC-000913,REL-00451,singleton,113,3,moderate,train
ACC-000914,REL-00452,singleton,113,4,moderate,train
ACC-000915,REL-00453,household_signal,114,1,moderate,train
ACC-000916,REL-00453,household_signal,114,1,moderate,train
ACC-000917,REL-00454,singleton,114,2,heavy,train
ACC-000918,REL-00455,singleton,114,3,clean,train
ACC-000919,REL-00456,singleton,114,4,clean,train
ACC-000920,REL-00457,singleton,115,1,clean,train
ACC-000921,REL-00458,household_signal,115,2,moderate,train
ACC-000922,REL-00458,household_signal,115,2,moderate,train
ACC-000923,REL-00458,household_signal,115,2,clean,train
ACC-000924,REL-00458,household_signal,115,2,moderate,train
ACC-000925,REL-00459,singleton,115,3,moderate,train
ACC-000926,REL-00460,singleton,115,4,clean,train
ACC-000927,REL-00461,household_signal,116,1,heavy,test
ACC-000928,REL-00461,household_signal,116,1,clean,test
ACC-000929,REL-00461,household_signal,116,1,clean,test
ACC-000930,REL-00461,household_signal,116,1,moderate,test
ACC-000931,REL-00462,shared_residence,116,2,moderate,test
ACC-000932,REL-00462,shared_residence,116,2,moderate,test
ACC-000933,REL-00462,shared_residence,116,2,moderate,test
ACC-000934,REL-00463,singleton,116,3,clean,test
ACC-000935,REL-00464,household_signal,116,4,moderate,test
ACC-000936,REL-00464,household_signal,116,4,clean,test
ACC-000937,REL-00464,household_signal,116,4,clean,test
ACC-000938,REL-00465,singleton,117,1,clean,train
ACC-000939,REL-00466,singleton,117,2,clean,train
ACC-000940,REL-00467,singleton,117,3,moderate,train
ACC-000941,REL-00468,singleton,117,4,moderate,train
ACC-000942,REL-00469,household_signal,118,1,moderate,test
ACC-000943,REL-00469,household_signal,118,1,moderate,test
ACC-000944,REL-00469,household_signal,118,1,moderate,test
ACC-000945,REL-00469,household_signal,118,1,moderate,test
ACC-000946,REL-00470,household_signal,118,2,moderate,test
ACC-000947,REL-00470,household_signal,118,2,moderate,test
ACC-000948,REL-00471,shared_residence,118,3,clean,test
ACC-000949,REL-00471,shared_residence,118,3,heavy,test
ACC-000950,REL-00471,shared_residence,118,3,moderate,test
ACC-000951,REL-00472,shared_residence,118,4,heavy,test
ACC-000952,REL-00472,shared_residence,118,4,moderate,test
ACC-000953,REL-00473,household_signal,119,1,clean,train
ACC-000954,REL-00473,household_signal,119,1,moderate,train
ACC-000955,REL-00474,singleton,119,2,moderate,train
ACC-000956,REL-00475,household_signal,119,3,clean,train
ACC-000957,REL-00475,household_signal,119,3,moderate,train
ACC-000958,REL-00476,singleton,119,4,moderate,train
ACC-000959,REL-00477,singleton,120,1,heavy,test
ACC-000960,REL-00478,shared_residence,120,2,moderate,test
ACC-000961,REL-00478,shared_residence,120,2,clean,test
ACC-000962,REL-00479,singleton,120,3,heavy,test
ACC-000963,REL-00480,household_signal,120,4,clean,test
ACC-000964,REL-00480,household_signal,120,4,moderate,test
ACC-000965,REL-00481,singleton,121,1,heavy,validation
ACC-000966,REL-00482,shared_residence,121,2,heavy,validation
ACC-000967,REL-00482,shared_residence,121,2,moderate,validation
ACC-000968,REL-00482,shared_residence,121,2,clean,validation
ACC-000969,REL-00483,household_signal,121,3,moderate,validation
ACC-000970,REL-00483,household_signal,121,3,moderate,validation
ACC-000971,REL-00483,household_signal,121,3,clean,validation
ACC-000972,REL-00484,shared_residence,121,4,moderate,validation
ACC-000973,REL-00484,shared_residence,121,4,clean,validation
ACC-000974,REL-00485,singleton,122,1,moderate,train
ACC-000975,REL-00486,shared_residence,122,2,heavy,train
ACC-000976,REL-00486,shared_residence,122,2,moderate,train
ACC-000977,REL-00486,shared_residence,122,2,clean,train
ACC-000978,REL-00486,shared_residence,122,2,heavy,train
ACC-000979,REL-00487,singleton,122,3,moderate,train
ACC-000980,REL-00488,singleton,122,4,heavy,train
ACC-000981,REL-00489,household_signal,123,1,moderate,train
ACC-000982,REL-00489,household_signal,123,1,clean,train
ACC-000983,REL-00489,household_signal,123,1,heavy,train
ACC-000984,REL-00490,singleton,123,2,moderate,train
ACC-000985,REL-00491,shared_location,123,3,clean,train
ACC-000986,REL-00491,shared_location,123,3,moderate,train
ACC-000987,REL-00491,shared_location,123,3,moderate,train
ACC-000988,REL-00491,shared_location,123,3,moderate,train
ACC-000989,REL-00491,shared_location,123,3,clean,train
ACC-000990,REL-00491,shared_location,123,3,moderate,train
ACC-000991,REL-00492,household_signal,123,4,heavy,train
ACC-000992,REL-00492,household_signal,123,4,moderate,train
ACC-000993,REL-00493,singleton,124,1,moderate,validation
ACC-000994,REL-00494,household_signal,124,2,moderate,validation
ACC-000995,REL-00494,household_signal,124,2,moderate,validation
ACC-000996,REL-00494,household_signal,124,2,moderate,validation
ACC-000997,REL-00494,household_signal,124,2,heavy,validation
ACC-000998,REL-00495,household_signal,124,3,clean,validation
ACC-000999,REL-00495,household_signal,124,3,moderate,validation
ACC-001000,REL-00496,household_signal,124,4,heavy,validation
ACC-001001,REL-00496,household_signal,124,4,clean,validation
ACC-001002,REL-00496,household_signal,124,4,heavy,validation
ACC-001003,REL-00496,household_signal,124,4,moderate,validation
ACC-001004,REL-00497,shared_residence,125,1,clean,train
ACC-001005,REL-00497,shared_residence,125,1,clean,train
ACC-001006,REL-00498,household_signal,125,2,clean,train
ACC-001007,REL-00498,household_signal,125,2,clean,train
ACC-001008,REL-00499,shared_residence,125,3,clean,train
ACC-001009,REL-00499,shared_residence,125,3,heavy,train
ACC-001010,REL-00500,singleton,125,4,clean,train
ACC-001011,REL-00501,singleton,126,1,clean,train
ACC-001012,REL-00502,singleton,126,2,clean,train
ACC-001013,REL-00503,household_signal,126,3,moderate,train
ACC-001014,REL-00503,household_signal,126,3,clean,train
ACC-001015,REL-00503,household_signal,126,3,clean,train
ACC-001016,REL-00503,household_signal,126,3,clean,train
ACC-001017,REL-00504,singleton,126,4,moderate,train
ACC-001018,REL-00505,singleton,127,1,moderate,train
ACC-001019,REL-00506,singleton,127,2,moderate,train
ACC-001020,REL-00507,household_signal,127,3,clean,train
ACC-001021,REL-00507,household_signal,127,3,clean,train
ACC-001022,REL-00508,household_signal,127,4,moderate,train
ACC-001023,REL-00508,household_signal,127,4,clean,train
ACC-001024,REL-00508,household_signal,127,4,moderate,train
ACC-001025,REL-00508,household_signal,127,4,heavy,train
ACC-001026,REL-00509,shared_residence,128,1,clean,train
ACC-001027,REL-00509,shared_residence,128,1,heavy,train
ACC-001028,REL-00510,singleton,128,2,moderate,train
ACC-001029,REL-00511,shared_residence,128,3,moderate,train
ACC-001030,REL-00511,shared_residence,128,3,clean,train
ACC-001031,REL-00512,household_signal,128,4,clean,train
ACC-001032,REL-00512,household_signal,128,4,clean,train
ACC-001033,REL-00512,household_signal,128,4,moderate,train
ACC-001034,REL-00513,household_signal,129,1,moderate,test
ACC-001035,REL-00513,household_signal,129,1,heavy,test
ACC-001036,REL-00513,household_signal,129,1,moderate,test
ACC-001037,REL-00513,household_signal,129,1,clean,test
ACC-001038,REL-00514,shared_residence,129,2,heavy,test
ACC-001039,REL-00514,shared_residence,129,2,clean,test
ACC-001040,REL-00515,shared_residence,129,3,clean,test
ACC-001041,REL-00515,shared_residence,129,3,moderate,test
ACC-001042,REL-00515,shared_residence,129,3,moderate,test
ACC-001043,REL-00516,household_signal,129,4,clean,test
ACC-001044,REL-00516,household_signal,129,4,heavy,test
ACC-001045,REL-00517,shared_residence,130,1,moderate,train
ACC-001046,REL-00517,shared_residence,130,1,clean,train
ACC-001047,REL-00518,household_signal,130,2,clean,train
ACC-001048,REL-00518,household_signal,130,2,moderate,train
ACC-001049,REL-00518,household_signal,130,2,heavy,train
ACC-001050,REL-00519,household_signal,130,3,moderate,train
ACC-001051,REL-00519,household_signal,130,3,moderate,train
ACC-001052,REL-00520,household_signal,130,4,moderate,train
ACC-001053,REL-00520,household_signal,130,4,clean,train
ACC-001054,REL-00520,household_signal,130,4,moderate,train
ACC-001055,REL-00521,household_signal,131,1,heavy,train
ACC-001056,REL-00521,household_signal,131,1,moderate,train
ACC-001057,REL-00521,household_signal,131,1,heavy,train
ACC-001058,REL-00521,household_signal,131,1,heavy,train
ACC-001059,REL-00522,household_signal,131,2,clean,train
ACC-001060,REL-00522,household_signal,131,2,heavy,train
ACC-001061,REL-00523,household_signal,131,3,clean,train
ACC-001062,REL-00523,household_signal,131,3,heavy,train
ACC-001063,REL-00524,singleton,131,4,moderate,train
ACC-001064,REL-00525,household_signal,132,1,heavy,train
ACC-001065,REL-00525,household_signal,132,1,heavy,train
ACC-001066,REL-00526,singleton,132,2,heavy,train
ACC-001067,REL-00527,singleton,132,3,clean,train
ACC-001068,REL-00528,household_signal,132,4,clean,train
ACC-001069,REL-00528,household_signal,132,4,clean,train
ACC-001070,REL-00528,household_signal,132,4,clean,train
ACC-001071,REL-00528,household_signal,132,4,clean,train
ACC-001072,REL-00529,singleton,133,1,moderate,validation
ACC-001073,REL-00530,household_signal,133,2,clean,validation
ACC-001074,REL-00530,household_signal,133,2,moderate,validation
ACC-001075,REL-00530,household_signal,133,2,clean,validation
ACC-001076,REL-00530,household_signal,133,2,heavy,validation
ACC-001077,REL-00531,shared_residence,133,3,moderate,validation
ACC-001078,REL-00531,shared_residence,133,3,clean,validation
ACC-001079,REL-00532,singleton,133,4,moderate,validation
ACC-001080,REL-00533,singleton,134,1,clean,validation
ACC-001081,REL-00534,household_signal,134,2,clean,validation
ACC-001082,REL-00534,household_signal,134,2,clean,validation
ACC-001083,REL-00535,singleton,134,3,heavy,validation
ACC-001084,REL-00536,shared_residence,134,4,heavy,validation
ACC-001085,REL-00536,shared_residence,134,4,heavy,validation
ACC-001086,REL-00536,shared_residence,134,4,moderate,validation
ACC-001087,REL-00537,household_signal,135,1,heavy,train
ACC-001088,REL-00537,household_signal,135,1,moderate,train
ACC-001089,REL-00538,singleton,135,2,moderate,train
ACC-001090,REL-00539,shared_residence,135,3,moderate,train
ACC-001091,REL-00539,shared_residence,135,3,moderate,train
ACC-001092,REL-00540,shared_residence,135,4,moderate,train
ACC-001093,REL-00540,shared_residence,135,4,moderate,train
ACC-001094,REL-00541,singleton,136,1,clean,validation
ACC-001095,REL-00542,household_signal,136,2,moderate,validation
ACC-001096,REL-00542,household_signal,136,2,heavy,validation
ACC-001097,REL-00543,singleton,136,3,clean,validation
ACC-001098,REL-00544,singleton,136,4,clean,validation
ACC-001099,REL-00545,singleton,137,1,moderate,train
ACC-001100,REL-00546,singleton,137,2,clean,train
ACC-001101,REL-00547,shared_residence,137,3,heavy,train
ACC-001102,REL-00547,shared_residence,137,3,clean,train
ACC-001103,REL-00547,shared_residence,137,3,heavy,train
ACC-001104,REL-00547,shared_residence,137,3,clean,train
ACC-001105,REL-00548,shared_residence,137,4,moderate,train
ACC-001106,REL-00548,shared_residence,137,4,heavy,train
ACC-001107,REL-00548,shared_residence,137,4,heavy,train
ACC-001108,REL-00549,household_signal,138,1,moderate,train
ACC-001109,REL-00549,household_signal,138,1,clean,train
ACC-001110,REL-00549,household_signal,138,1,moderate,train
ACC-001111,REL-00550,singleton,138,2,clean,train
ACC-001112,REL-00551,shared_residence,138,3,heavy,train
ACC-001113,REL-00551,shared_residence,138,3,clean,train
ACC-001114,REL-00551,shared_residence,138,3,clean,train
ACC-001115,REL-00551,shared_residence,138,3,heavy,train
ACC-001116,REL-00552,shared_residence,138,4,clean,train
ACC-001117,REL-00552,shared_residence,138,4,heavy,train
ACC-001118,REL-00552,shared_residence,138,4,clean,train
ACC-001119,REL-00552,shared_residence,138,4,moderate,train
ACC-001120,REL-00553,singleton,139,1,heavy,train
ACC-001121,REL-00554,singleton,139,2,moderate,train
ACC-001122,REL-00555,singleton,139,3,moderate,train
ACC-001123,REL-00556,household_signal,139,4,moderate,train
ACC-001124,REL-00556,household_signal,139,4,moderate,train
ACC-001125,REL-00556,household_signal,139,4,heavy,train
ACC-001126,REL-00557,singleton,140,1,moderate,train
ACC-001127,REL-00558,shared_residence,140,2,moderate,train
ACC-001128,REL-00558,shared_residence,140,2,moderate,train
ACC-001129,REL-00559,shared_residence,140,3,heavy,train
ACC-001130,REL-00559,shared_residence,140,3,moderate,train
ACC-001131,REL-00559,shared_residence,140,3,clean,train
ACC-001132,REL-00560,shared_residence,140,4,moderate,train
ACC-001133,REL-00560,shared_residence,140,4,clean,train
ACC-001134,REL-00561,shared_residence,141,1,moderate,train
ACC-001135,REL-00561,shared_residence,141,1,moderate,train
ACC-001136,REL-00562,singleton,141,2,heavy,train
ACC-001137,REL-00563,singleton,141,3,moderate,train
ACC-001138,REL-00564,household_signal,141,4,clean,train
ACC-001139,REL-00564,household_signal,141,4,clean,train
ACC-001140,REL-00564,household_signal,141,4,moderate,train
ACC-001141,REL-00564,household_signal,141,4,moderate,train
ACC-001142,REL-00565,household_signal,142,1,heavy,train
ACC-001143,REL-00565,household_signal,142,1,clean,train
ACC-001144,REL-00566,household_signal,142,2,moderate,train
ACC-001145,REL-00566,household_signal,142,2,heavy,train
ACC-001146,REL-00567,household_signal,142,3,heavy,train
ACC-001147,REL-00567,household_signal,142,3,heavy,train
ACC-001148,REL-00567,household_signal,142,3,heavy,train
ACC-001149,REL-00568,singleton,142,4,moderate,train
ACC-001150,REL-00569,shared_residence,143,1,heavy,train
ACC-001151,REL-00569,shared_residence,143,1,moderate,train
ACC-001152,REL-00569,shared_residence,143,1,heavy,train
ACC-001153,REL-00570,singleton,143,2,clean,train
ACC-001154,REL-00571,household_signal,143,3,moderate,train
ACC-001155,REL-00571,household_signal,143,3,clean,train
ACC-001156,REL-00572,household_signal,143,4,moderate,train
ACC-001157,REL-00572,household_signal,143,4,clean,train
ACC-001158,REL-00573,singleton,144,1,moderate,train
ACC-001159,REL-00574,singleton,144,2,moderate,train
ACC-001160,REL-00575,singleton,144,3,moderate,train
ACC-001161,REL-00576,household_signal,144,4,clean,train
ACC-001162,REL-00576,household_signal,144,4,clean,train
ACC-001163,REL-00576,household_signal,144,4,moderate,train
ACC-001164,REL-00577,singleton,145,1,moderate,train
ACC-001165,REL-00578,household_signal,145,2,clean,train
ACC-001166,REL-00578,household_signal,145,2,moderate,train
ACC-001167,REL-00578,household_signal,145,2,heavy,train
ACC-001168,REL-00578,household_signal,145,2,moderate,train
ACC-001169,REL-00579,shared_residence,145,3,clean,train
ACC-001170,REL-00579,shared_residence,145,3,clean,train
ACC-001171,REL-00579,shared_residence,145,3,moderate,train
ACC-001172,REL-00580,singleton,145,4,heavy,train
ACC-001173,REL-00581,singleton,146,1,moderate,train
ACC-001174,REL-00582,singleton,146,2,heavy,train
ACC-001175,REL-00583,singleton,146,3,moderate,train
ACC-001176,REL-00584,shared_residence,146,4,moderate,train
ACC-001177,REL-00584,shared_residence,146,4,clean,train
ACC-001178,REL-00584,shared_residence,146,4,moderate,train
ACC-001179,REL-00585,singleton,147,1,clean,train
ACC-001180,REL-00586,shared_residence,147,2,moderate,train
ACC-001181,REL-00586,shared_residence,147,2,moderate,train
ACC-001182,REL-00586,shared_residence,147,2,clean,train
ACC-001183,REL-00587,household_signal,147,3,clean,train
ACC-001184,REL-00587,household_signal,147,3,moderate,train
ACC-001185,REL-00587,household_signal,147,3,clean,train
ACC-001186,REL-00587,household_signal,147,3,heavy,train
ACC-001187,REL-00588,singleton,147,4,moderate,train
ACC-001188,REL-00589,shared_location,148,1,moderate,validation
ACC-001189,REL-00589,shared_location,148,1,moderate,validation
ACC-001190,REL-00589,shared_location,148,1,clean,validation
ACC-001191,REL-00589,shared_location,148,1,heavy,validation
ACC-001192,REL-00589,shared_location,148,1,clean,validation
ACC-001193,REL-00589,shared_location,148,1,heavy,validation
ACC-001194,REL-00590,singleton,148,2,moderate,validation
ACC-001195,REL-00591,singleton,148,3,clean,validation
ACC-001196,REL-00592,singleton,148,4,moderate,validation
ACC-001197,REL-00593,singleton,149,1,moderate,validation
ACC-001198,REL-00594,singleton,149,2,clean,validation
ACC-001199,REL-00595,singleton,149,3,moderate,validation
ACC-001200,REL-00596,household_signal,149,4,moderate,validation
ACC-001201,REL-00596,household_signal,149,4,heavy,validation
ACC-001202,REL-00597,household_signal,150,1,clean,test
ACC-001203,REL-00597,household_signal,150,1,moderate,test
ACC-001204,REL-00598,household_signal,150,2,moderate,test
ACC-001205,REL-00598,household_signal,150,2,moderate,test
ACC-001206,REL-00599,household_signal,150,3,moderate,test
ACC-001207,REL-00599,household_signal,150,3,moderate,test
ACC-001208,REL-00599,household_signal,150,3,moderate,test
ACC-001209,REL-00600,singleton,150,4,moderate,test
ACC-001210,REL-00601,singleton,151,1,heavy,test
ACC-001211,REL-00602,household_signal,151,2,clean,test
ACC-001212,REL-00602,household_signal,151,2,clean,test
ACC-001213,REL-00603,singleton,151,3,moderate,test
ACC-001214,REL-00604,shared_residence,151,4,clean,test
ACC-001215,REL-00604,shared_residence,151,4,moderate,test
ACC-001216,REL-00605,household_signal,152,1,moderate,validation
ACC-001217,REL-00605,household_signal,152,1,heavy,validation
ACC-001218,REL-00606,singleton,152,2,moderate,validation
ACC-001219,REL-00607,household_signal,152,3,clean,validation
ACC-001220,REL-00607,household_signal,152,3,heavy,validation
ACC-001221,REL-00608,singleton,152,4,heavy,validation
ACC-001222,REL-00609,household_signal,153,1,clean,train
ACC-001223,REL-00609,household_signal,153,1,heavy,train
ACC-001224,REL-00609,household_signal,153,1,clean,train
ACC-001225,REL-00609,household_signal,153,1,moderate,train
ACC-001226,REL-00610,singleton,153,2,moderate,train
ACC-001227,REL-00611,household_signal,153,3,heavy,train
ACC-001228,REL-00611,household_signal,153,3,heavy,train
ACC-001229,REL-00612,household_signal,153,4,clean,train
ACC-001230,REL-00612,household_signal,153,4,moderate,train
ACC-001231,REL-00613,singleton,154,1,moderate,train
ACC-001232,REL-00614,household_signal,154,2,moderate,train
ACC-001233,REL-00614,household_signal,154,2,clean,train
ACC-001234,REL-00614,household_signal,154,2,moderate,train
ACC-001235,REL-00615,household_signal,154,3,moderate,train
ACC-001236,REL-00615,household_signal,154,3,moderate,train
ACC-001237,REL-00615,household_signal,154,3,heavy,train
ACC-001238,REL-00615,household_signal,154,3,moderate,train
ACC-001239,REL-00616,singleton,154,4,clean,train
ACC-001240,REL-00617,household_signal,155,1,moderate,train
ACC-001241,REL-00617,household_signal,155,1,moderate,train
ACC-001242,REL-00618,shared_residence,155,2,clean,train
ACC-001243,REL-00618,shared_residence,155,2,clean,train
ACC-001244,REL-00618,shared_residence,155,2,clean,train
ACC-001245,REL-00619,shared_residence,155,3,clean,train
ACC-001246,REL-00619,shared_residence,155,3,heavy,train
ACC-001247,REL-00620,shared_residence,155,4,heavy,train
ACC-001248,REL-00620,shared_residence,155,4,clean,train
ACC-001249,REL-00621,singleton,156,1,moderate,test
ACC-001250,REL-00622,singleton,156,2,clean,test
ACC-001251,REL-00623,household_signal,156,3,clean,test
ACC-001252,REL-00623,household_signal,156,3,moderate,test
ACC-001253,REL-00623,household_signal,156,3,clean,test
ACC-001254,REL-00623,household_signal,156,3,clean,test
ACC-001255,REL-00624,household_signal,156,4,moderate,test
ACC-001256,REL-00624,household_signal,156,4,heavy,test
ACC-001257,REL-00624,household_signal,156,4,clean,test
ACC-001258,REL-00624,household_signal,156,4,moderate,test
ACC-001259,REL-00625,household_signal,157,1,moderate,train
ACC-001260,REL-00625,household_signal,157,1,moderate,train
ACC-001261,REL-00626,household_signal,157,2,moderate,train
ACC-001262,REL-00626,household_signal,157,2,heavy,train
ACC-001263,REL-00626,household_signal,157,2,clean,train
ACC-001264,REL-00627,singleton,157,3,moderate,train
ACC-001265,REL-00628,shared_residence,157,4,heavy,train
ACC-001266,REL-00628,shared_residence,157,4,clean,train
ACC-001267,REL-00628,shared_residence,157,4,heavy,train
ACC-001268,REL-00629,shared_residence,158,1,moderate,validation
ACC-001269,REL-00629,shared_residence,158,1,moderate,validation
ACC-001270,REL-00630,singleton,158,2,moderate,validation
ACC-001271,REL-00631,singleton,158,3,moderate,validation
ACC-001272,REL-00632,shared_residence,158,4,moderate,validation
ACC-001273,REL-00632,shared_residence,158,4,moderate,validation
ACC-001274,REL-00633,singleton,159,1,heavy,train
ACC-001275,REL-00634,singleton,159,2,heavy,train
ACC-001276,REL-00635,singleton,159,3,moderate,train
ACC-001277,REL-00636,household_signal,159,4,heavy,train
ACC-001278,REL-00636,household_signal,159,4,clean,train
ACC-001279,REL-00636,household_signal,159,4,clean,train
ACC-001280,REL-00636,household_signal,159,4,clean,train
ACC-001281,REL-00637,singleton,160,1,heavy,test
ACC-001282,REL-00638,shared_residence,160,2,moderate,test
ACC-001283,REL-00638,shared_residence,160,2,moderate,test
ACC-001284,REL-00638,shared_residence,160,2,moderate,test
ACC-001285,REL-00638,shared_residence,160,2,heavy,test
ACC-001286,REL-00639,singleton,160,3,clean,test
ACC-001287,REL-00640,household_signal,160,4,moderate,test
ACC-001288,REL-00640,household_signal,160,4,clean,test
ACC-001289,REL-00641,singleton,161,1,clean,test
ACC-001290,REL-00642,household_signal,161,2,heavy,test
ACC-001291,REL-00642,household_signal,161,2,moderate,test
ACC-001292,REL-00642,household_signal,161,2,moderate,test
ACC-001293,REL-00643,singleton,161,3,heavy,test
ACC-001294,REL-00644,household_signal,161,4,moderate,test
ACC-001295,REL-00644,household_signal,161,4,clean,test
ACC-001296,REL-00644,household_signal,161,4,clean,test
ACC-001297,REL-00644,household_signal,161,4,clean,test
ACC-001298,REL-00645,household_signal,162,1,clean,train
ACC-001299,REL-00645,household_signal,162,1,moderate,train
ACC-001300,REL-00646,household_signal,162,2,moderate,train
ACC-001301,REL-00646,household_signal,162,2,moderate,train
ACC-001302,REL-00647,singleton,162,3,moderate,train
ACC-001303,REL-00648,household_signal,162,4,moderate,train
ACC-001304,REL-00648,household_signal,162,4,clean,train
ACC-001305,REL-00648,household_signal,162,4,moderate,train
ACC-001306,REL-00649,singleton,163,1,moderate,validation
ACC-001307,REL-00650,household_signal,163,2,moderate,validation
ACC-001308,REL-00650,household_signal,163,2,clean,validation
ACC-001309,REL-00651,household_signal,163,3,moderate,validation
ACC-001310,REL-00651,household_signal,163,3,moderate,validation
ACC-001311,REL-00652,singleton,163,4,clean,validation
ACC-001312,REL-00653,shared_residence,164,1,moderate,train
ACC-001313,REL-00653,shared_residence,164,1,moderate,train
ACC-001314,REL-00654,singleton,164,2,moderate,train
ACC-001315,REL-00655,singleton,164,3,moderate,train
ACC-001316,REL-00656,household_signal,164,4,heavy,train
ACC-001317,REL-00656,household_signal,164,4,heavy,train
ACC-001318,REL-00656,household_signal,164,4,clean,train
ACC-001319,REL-00657,household_signal,165,1,clean,train
ACC-001320,REL-00657,household_signal,165,1,clean,train
ACC-001321,REL-00658,singleton,165,2,clean,train
ACC-001322,REL-00659,household_signal,165,3,moderate,train
ACC-001323,REL-00659,household_signal,165,3,moderate,train
ACC-001324,REL-00660,household_signal,165,4,moderate,train
ACC-001325,REL-00660,household_signal,165,4,moderate,train
ACC-001326,REL-00661,household_signal,166,1,moderate,train
ACC-001327,REL-00661,household_signal,166,1,moderate,train
ACC-001328,REL-00662,household_signal,166,2,moderate,train
ACC-001329,REL-00662,household_signal,166,2,moderate,train
ACC-001330,REL-00662,household_signal,166,2,moderate,train
ACC-001331,REL-00663,singleton,166,3,moderate,train
ACC-001332,REL-00664,household_signal,166,4,moderate,train
ACC-001333,REL-00664,household_signal,166,4,moderate,train
ACC-001334,REL-00665,household_signal,167,1,heavy,train
ACC-001335,REL-00665,household_signal,167,1,moderate,train
ACC-001336,REL-00666,shared_residence,167,2,heavy,train
ACC-001337,REL-00666,shared_residence,167,2,clean,train
ACC-001338,REL-00666,shared_residence,167,2,heavy,train
ACC-001339,REL-00666,shared_residence,167,2,moderate,train
ACC-001340,REL-00667,singleton,167,3,clean,train
ACC-001341,REL-00668,household_signal,167,4,moderate,train
ACC-001342,REL-00668,household_signal,167,4,moderate,train
ACC-001343,REL-00668,household_signal,167,4,moderate,train
ACC-001344,REL-00668,household_signal,167,4,clean,train
ACC-001345,REL-00669,singleton,168,1,clean,train
ACC-001346,REL-00670,shared_residence,168,2,moderate,train
ACC-001347,REL-00670,shared_residence,168,2,moderate,train
ACC-001348,REL-00670,shared_residence,168,2,clean,train
ACC-001349,REL-00670,shared_residence,168,2,heavy,train
ACC-001350,REL-00671,household_signal,168,3,moderate,train
ACC-001351,REL-00671,household_signal,168,3,heavy,train
ACC-001352,REL-00672,household_signal,168,4,moderate,train
ACC-001353,REL-00672,household_signal,168,4,moderate,train
ACC-001354,REL-00672,household_signal,168,4,heavy,train
ACC-001355,REL-00672,household_signal,168,4,moderate,train
ACC-001356,REL-00673,household_signal,169,1,clean,train
ACC-001357,REL-00673,household_signal,169,1,moderate,train
ACC-001358,REL-00674,shared_residence,169,2,moderate,train
ACC-001359,REL-00674,shared_residence,169,2,moderate,train
ACC-001360,REL-00674,shared_residence,169,2,moderate,train
ACC-001361,REL-00675,singleton,169,3,clean,train
ACC-001362,REL-00676,household_signal,169,4,clean,train
ACC-001363,REL-00676,household_signal,169,4,moderate,train
ACC-001364,REL-00677,singleton,170,1,heavy,test
ACC-001365,REL-00678,shared_location,170,2,clean,test
ACC-001366,REL-00678,shared_location,170,2,moderate,test
ACC-001367,REL-00678,shared_location,170,2,clean,test
ACC-001368,REL-00678,shared_location,170,2,moderate,test
ACC-001369,REL-00678,shared_location,170,2,moderate,test
ACC-001370,REL-00678,shared_location,170,2,heavy,test
ACC-001371,REL-00679,singleton,170,3,clean,test
ACC-001372,REL-00680,singleton,170,4,moderate,test
ACC-001373,REL-00681,singleton,171,1,clean,train
ACC-001374,REL-00682,shared_location,171,2,moderate,train
ACC-001375,REL-00682,shared_location,171,2,moderate,train
ACC-001376,REL-00682,shared_location,171,2,heavy,train
ACC-001377,REL-00682,shared_location,171,2,clean,train
ACC-001378,REL-00682,shared_location,171,2,heavy,train
ACC-001379,REL-00682,shared_location,171,2,clean,train
ACC-001380,REL-00683,shared_location,171,3,moderate,train
ACC-001381,REL-00683,shared_location,171,3,clean,train
ACC-001382,REL-00683,shared_location,171,3,moderate,train
ACC-001383,REL-00683,shared_location,171,3,heavy,train
ACC-001384,REL-00683,shared_location,171,3,clean,train
ACC-001385,REL-00683,shared_location,171,3,moderate,train
ACC-001386,REL-00684,shared_residence,171,4,moderate,train
ACC-001387,REL-00684,shared_residence,171,4,clean,train
ACC-001388,REL-00684,shared_residence,171,4,heavy,train
ACC-001389,REL-00685,shared_residence,172,1,heavy,test
ACC-001390,REL-00685,shared_residence,172,1,moderate,test
ACC-001391,REL-00685,shared_residence,172,1,moderate,test
ACC-001392,REL-00685,shared_residence,172,1,moderate,test
ACC-001393,REL-00686,singleton,172,2,moderate,test
ACC-001394,REL-00687,singleton,172,3,moderate,test
ACC-001395,REL-00688,singleton,172,4,clean,test
ACC-001396,REL-00689,singleton,173,1,heavy,validation
ACC-001397,REL-00690,singleton,173,2,moderate,validation
ACC-001398,REL-00691,singleton,173,3,heavy,validation
ACC-001399,REL-00692,household_signal,173,4,moderate,validation
ACC-001400,REL-00692,household_signal,173,4,moderate,validation
ACC-001401,REL-00692,household_signal,173,4,moderate,validation
ACC-001402,REL-00693,shared_residence,174,1,clean,train
ACC-001403,REL-00693,shared_residence,174,1,moderate,train
ACC-001404,REL-00693,shared_residence,174,1,moderate,train
ACC-001405,REL-00694,shared_residence,174,2,moderate,train
ACC-001406,REL-00694,shared_residence,174,2,clean,train
ACC-001407,REL-00695,household_signal,174,3,heavy,train
ACC-001408,REL-00695,household_signal,174,3,moderate,train
ACC-001409,REL-00696,household_signal,174,4,clean,train
ACC-001410,REL-00696,household_signal,174,4,clean,train
ACC-001411,REL-00697,singleton,175,1,moderate,test
ACC-001412,REL-00698,household_signal,175,2,clean,test
ACC-001413,REL-00698,household_signal,175,2,heavy,test
ACC-001414,REL-00699,singleton,175,3,heavy,test
ACC-001415,REL-00700,household_signal,175,4,heavy,test
ACC-001416,REL-00700,household_signal,175,4,clean,test
ACC-001417,REL-00701,household_signal,176,1,moderate,train
ACC-001418,REL-00701,household_signal,176,1,heavy,train
ACC-001419,REL-00702,singleton,176,2,moderate,train
ACC-001420,REL-00703,singleton,176,3,moderate,train
ACC-001421,REL-00704,shared_location,176,4,heavy,train
ACC-001422,REL-00704,shared_location,176,4,moderate,train
ACC-001423,REL-00704,shared_location,176,4,heavy,train
ACC-001424,REL-00704,shared_location,176,4,clean,train
ACC-001425,REL-00704,shared_location,176,4,moderate,train
ACC-001426,REL-00704,shared_location,176,4,heavy,train
ACC-001427,REL-00705,household_signal,177,1,moderate,test
ACC-001428,REL-00705,household_signal,177,1,clean,test
ACC-001429,REL-00705,household_signal,177,1,heavy,test
ACC-001430,REL-00706,singleton,177,2,moderate,test
ACC-001431,REL-00707,household_signal,177,3,moderate,test
ACC-001432,REL-00707,household_signal,177,3,moderate,test
ACC-001433,REL-00707,household_signal,177,3,clean,test
ACC-001434,REL-00707,household_signal,177,3,moderate,test
ACC-001435,REL-00708,shared_residence,177,4,moderate,test
ACC-001436,REL-00708,shared_residence,177,4,clean,test
ACC-001437,REL-00708,shared_residence,177,4,moderate,test
ACC-001438,REL-00708,shared_residence,177,4,clean,test
ACC-001439,REL-00709,household_signal,178,1,moderate,validation
ACC-001440,REL-00709,household_signal,178,1,moderate,validation
ACC-001441,REL-00709,household_signal,178,1,moderate,validation
ACC-001442,REL-00709,household_signal,178,1,moderate,validation
ACC-001443,REL-00710,singleton,178,2,clean,validation
ACC-001444,REL-00711,household_signal,178,3,moderate,validation
ACC-001445,REL-00711,household_signal,178,3,moderate,validation
ACC-001446,REL-00712,singleton,178,4,clean,validation
ACC-001447,REL-00713,household_signal,179,1,heavy,validation
ACC-001448,REL-00713,household_signal,179,1,moderate,validation
ACC-001449,REL-00713,household_signal,179,1,clean,validation
ACC-001450,REL-00713,household_signal,179,1,clean,validation
ACC-001451,REL-00714,singleton,179,2,clean,validation
ACC-001452,REL-00715,household_signal,179,3,moderate,validation
ACC-001453,REL-00715,household_signal,179,3,moderate,validation
ACC-001454,REL-00715,household_signal,179,3,heavy,validation
ACC-001455,REL-00715,household_signal,179,3,moderate,validation
ACC-001456,REL-00716,household_signal,179,4,clean,validation
ACC-001457,REL-00716,household_signal,179,4,moderate,validation
ACC-001458,REL-00716,household_signal,179,4,moderate,validation
ACC-001459,REL-00716,household_signal,179,4,moderate,validation
ACC-001460,REL-00717,singleton,180,1,moderate,test
ACC-001461,REL-00718,shared_residence,180,2,moderate,test
ACC-001462,REL-00718,shared_residence,180,2,moderate,test
ACC-001463,REL-00718,shared_residence,180,2,moderate,test
ACC-001464,REL-00718,shared_residence,180,2,moderate,test
ACC-001465,REL-00719,shared_residence,180,3,clean,test
ACC-001466,REL-00719,shared_residence,180,3,moderate,test
ACC-001467,REL-00719,shared_residence,180,3,clean,test
ACC-001468,REL-00720,household_signal,180,4,heavy,test
ACC-001469,REL-00720,household_signal,180,4,clean,test
